major,gpa,skills,internships,projects,leadership,career
Psychology,3.9,"Design,Python,Communication,Data Analysis",2,7,0,ML Engineer
Biology,2.11,"Leadership,Data Analysis,Python,Project Management,Java",3,9,1,Data Scientist
Engineering,3.22,"Python,Java,Leadership",0,2,0,Software Engineer
Mathematics,2.9,"Data Analysis,Design,Statistics",4,1,3,UX Researcher
Psychology,2.24,"Leadership,Design",3,1,1,UX Researcher
Business,3.14,"Python,Data Analysis",3,7,1,Data Scientist
Mathematics,2.78,"Design,Data Analysis,Project Management",4,0,0,Software Engineer
Psychology,2.59,"Java,Communication,Design,Leadership",4,9,2,Software Engineer
Psychology,3.73,"Project Management,Design,Statistics,Data Analysis,Leadership",2,0,2,UX Researcher
Biology,3.7,"Project Management,Communication",1,9,3,ML Engineer
Computer Science,2.63,"Java,Python,Project Management,Data Analysis,Statistics",3,6,2,Data Scientist
Mathematics,2.59,"Python,Data Analysis",2,9,2,ML Engineer
Computer Science,2.54,"Java,Project Management,Data Analysis,Statistics",2,8,1,Software Engineer
Engineering,2.54,"Project Management,Java,Leadership,Communication,Python",0,9,3,Software Engineer
Business,3.42,"Leadership,Design",4,0,0,UX Researcher
Business,3.06,"Java,Python,Leadership",4,3,1,Software Engineer
Engineering,3.63,"Design,Leadership,Statistics,Java,Data Analysis",3,3,2,Software Engineer
Engineering,2.7,"Leadership,Data Analysis,Design,Project Management",3,8,0,UX Researcher
Biology,3.39,"Data Analysis,Statistics,Design,Leadership",0,4,0,Software Engineer
Computer Science,2.7,"Java,Leadership,Statistics,Design,Python",3,5,3,Software Engineer
Engineering,2.74,"Statistics,Project Management",1,5,2,Data Scientist
Computer Science,2.35,"Java,Project Management,Data Analysis,Statistics,Communication",0,0,3,Software Engineer
Engineering,3.27,"Python,Communication,Java",2,1,0,Software Engineer
Psychology,3.34,"Python,Java",0,0,3,ML Engineer
Biology,3.83,"Data Analysis,Project Management,Java,Statistics",2,0,3,Software Engineer
Mathematics,2.38,"Leadership,Communication",1,2,3,Product Manager
Business,3.23,"Design,Python,Communication",0,8,2,Software Engineer
Mathematics,2.59,"Project Management,Design,Statistics",0,3,0,UX Researcher
Biology,3.59,"Design,Python,Project Management,Leadership,Java",2,8,1,Software Engineer
Mathematics,3.68,"Statistics,Project Management,Data Analysis",2,4,0,Data Scientist
Psychology,2.43,"Data Analysis,Python",2,6,3,UX Researcher
Business,2.65,"Python,Leadership",4,9,0,Software Engineer
Computer Science,3.38,"Design,Data Analysis",0,7,0,UX Researcher
Mathematics,3.48,"Python,Statistics,Java,Communication",2,4,1,Software Engineer
Biology,2.18,"Leadership,Data Analysis,Java,Project Management",4,6,3,Software Engineer
Biology,3.3,"Python,Statistics,Data Analysis",1,2,1,Data Scientist
Mathematics,2.33,"Leadership,Design,Data Analysis,Communication,Python",3,1,2,ML Engineer
Engineering,3.64,"Leadership,Communication,Design,Project Management,Java",3,1,0,Software Engineer
Engineering,2.67,"Python,Data Analysis,Communication",2,8,2,Data Scientist
Mathematics,3.87,"Data Analysis,Project Management,Java,Statistics,Design",0,7,3,Software Engineer
Engineering,2.83,"Java,Data Analysis,Project Management",4,6,0,Software Engineer
Biology,3.81,"Java,Statistics,Project Management",3,8,2,Software Engineer
Psychology,3.9,"Project Management,Design,Statistics,Python,Leadership",0,3,2,Software Engineer
Mathematics,3.58,"Python,Communication",1,4,2,Product Manager
Engineering,2.23,"Data Analysis,Design,Leadership,Project Management,Communication",4,7,1,Product Manager
Engineering,3.41,"Java,Statistics",3,0,2,ML Engineer
Psychology,2.7,"Design,Python,Project Management,Java,Communication",1,9,2,Software Engineer
Engineering,2.51,"Statistics,Data Analysis,Python",0,6,0,ML Engineer
Computer Science,2.75,"Statistics,Data Analysis",4,4,3,Data Scientist
Engineering,3.84,"Design,Leadership,Statistics,Java,Python",0,0,0,Software Engineer
Engineering,3.8,"Project Management,Design",1,3,1,UX Researcher
Psychology,3.17,"Design,Statistics,Project Management,Java,Data Analysis",0,0,0,Software Engineer
Psychology,2.54,"Project Management,Communication",0,1,1,ML Engineer
Mathematics,2.05,"Communication,Project Management",0,5,2,Product Manager
Computer Science,2.94,"Java,Data Analysis,Design,Project Management",4,5,2,Software Engineer
Mathematics,3.45,"Statistics,Communication,Design",0,2,0,UX Researcher
Biology,3.76,"Python,Data Analysis,Design,Leadership,Statistics",2,1,3,Consultant
Biology,3.58,"Data Analysis,Python",2,6,1,Data Scientist
Business,3.27,"Statistics,Leadership,Design,Python",3,6,1,ML Engineer
Mathematics,2.29,"Data Analysis,Statistics,Design,Leadership,Communication",4,1,0,Product Manager
Engineering,2.48,"Java,Design,Project Management,Leadership",2,1,0,Software Engineer
Engineering,3.64,"Project Management,Data Analysis,Python",0,9,1,Data Scientist
Mathematics,2.64,"Java,Communication,Design",1,3,0,Software Engineer
Engineering,2.37,"Python,Leadership,Data Analysis,Communication",1,9,1,Data Scientist
Engineering,3.79,"Python,Project Management,Design",2,2,2,Software Engineer
Mathematics,2.36,"Communication,Data Analysis,Statistics,Leadership",4,3,0,Product Manager
Engineering,3.3,"Project Management,Leadership,Python",2,9,0,Software Engineer
Psychology,3.29,"Java,Statistics,Communication",4,5,1,Software Engineer
Psychology,3.7,"Statistics,Java,Communication",4,3,3,Software Engineer
Business,3.15,"Data Analysis,Leadership,Project Management,Java",0,1,2,Software Engineer
Business,2.56,"Project Management,Statistics,Python,Data Analysis,Communication",0,0,1,ML Engineer
Biology,2.31,"Project Management,Design,Communication,Java,Python",1,4,2,Software Engineer
Business,2.64,"Java,Data Analysis,Project Management",2,0,0,Software Engineer
Psychology,2.82,"Leadership,Design",0,7,3,UX Researcher
Mathematics,2.28,"Java,Project Management",2,9,1,Software Engineer
Mathematics,3.18,"Leadership,Communication,Java",0,8,0,Data Scientist
Biology,2.13,"Python,Java,Communication,Leadership,Design",1,3,2,Software Engineer
Psychology,3.48,"Java,Data Analysis,Project Management,Statistics",2,6,0,Software Engineer
Biology,3.43,"Design,Statistics",4,7,3,UX Researcher
Mathematics,3.08,"Design,Python",2,2,3,Software Engineer
Engineering,3.2,"Python,Communication,Project Management,Leadership,Statistics",1,7,1,Software Engineer
Computer Science,2.04,"Project Management,Java,Python,Leadership,Design",4,7,2,Software Engineer
Psychology,2.75,"Communication,Project Management",0,4,0,Data Scientist
Biology,3.67,"Java,Communication",0,9,3,Software Engineer
Business,2.67,"Leadership,Statistics,Project Management,Design",1,1,2,UX Researcher
Engineering,2.07,"Project Management,Leadership,Statistics,Java",0,0,0,Software Engineer
Biology,2.44,"Data Analysis,Java,Project Management",3,7,0,Software Engineer
Mathematics,2.79,"Java,Statistics,Communication,Python",2,1,0,Software Engineer
Business,3.05,"Communication,Statistics,Project Management,Leadership,Data Analysis",4,6,2,Product Manager
Business,2.54,"Data Analysis,Design,Project Management",4,7,0,UX Researcher
Engineering,2.46,"Java,Communication,Project Management,Data Analysis",2,0,3,Software Engineer
Business,3.61,"Statistics,Java,Python,Leadership,Communication",4,6,3,Software Engineer
Business,2.17,"Design,Java,Python,Communication",1,1,0,Software Engineer
Psychology,2.67,"Statistics,Project Management,Leadership,Python",0,1,0,Software Engineer
Psychology,3.95,"Statistics,Communication,Leadership,Design,Data Analysis",0,1,2,Product Manager
Computer Science,3.08,"Design,Leadership",4,1,2,UX Researcher
Biology,3.83,"Leadership,Data Analysis",1,6,0,Data Scientist
Engineering,3.8,"Statistics,Project Management,Design",1,0,1,UX Researcher
Biology,3.04,"Project Management,Statistics,Leadership,Python,Data Analysis",3,2,1,Data Scientist
Engineering,2.71,"Python,Leadership",4,7,0,Software Engineer
Psychology,2.32,"Communication,Java,Leadership,Statistics,Project Management",0,9,1,Software Engineer
Computer Science,2.7,"Statistics,Communication",2,1,0,Data Scientist
Engineering,2.54,"Java,Python,Design",4,0,1,Software Engineer
Computer Science,2.37,"Communication,Java,Design",0,1,0,Software Engineer
Engineering,3.98,"Communication,Leadership",1,6,1,Product Manager
Computer Science,2.39,"Python,Communication,Design,Statistics,Project Management",2,1,2,Software Engineer
Computer Science,3.3,"Design,Python,Project Management,Java,Leadership",2,7,1,Software Engineer
Psychology,3.14,"Data Analysis,Statistics,Java,Design,Project Management",4,9,3,Software Engineer
Engineering,3.74,"Communication,Python,Project Management",3,0,0,Software Engineer
Psychology,3.26,"Project Management,Data Analysis,Design,Leadership,Java",3,4,0,Software Engineer
Engineering,2.93,"Project Management,Data Analysis,Python,Leadership,Statistics",0,4,1,Data Scientist
Computer Science,3.36,"Communication,Statistics,Project Management,Python,Design",2,1,0,Software Engineer
Psychology,2.46,"Communication,Java,Python,Data Analysis,Project Management",1,1,0,Data Scientist
Engineering,3.65,"Communication,Project Management",4,9,2,Data Scientist
Computer Science,2.31,"Java,Communication,Python,Project Management,Statistics",3,4,1,Software Engineer
Engineering,2.55,"Statistics,Design",0,4,2,UX Researcher
Psychology,2.75,"Project Management,Communication,Python,Statistics,Design",4,4,0,ML Engineer
Biology,3.18,"Design,Statistics,Communication",2,7,3,Product Manager
Computer Science,2.67,"Project Management,Design",3,6,0,Data Scientist
Computer Science,2.06,"Communication,Python,Design,Statistics",1,3,1,Software Engineer
Mathematics,2.52,"Java,Statistics,Communication",1,7,0,Software Engineer
Biology,2.57,"Statistics,Design,Data Analysis,Leadership",4,5,3,UX Researcher
Psychology,2.14,"Data Analysis,Leadership,Design,Java",1,7,2,Consultant
Mathematics,2.89,"Java,Design,Python,Project Management",0,5,2,Software Engineer
Engineering,2.51,"Leadership,Data Analysis,Communication,Python",4,8,2,Data Scientist
Engineering,2.44,"Java,Python,Project Management",3,7,3,Software Engineer
Mathematics,3.28,"Communication,Java,Statistics",3,5,2,Software Engineer
Engineering,2.06,"Python,Design",3,8,0,Software Engineer
Engineering,3.69,"Project Management,Design,Java,Python,Communication",3,8,1,Software Engineer
Computer Science,3.21,"Leadership,Java,Data Analysis,Project Management,Statistics",4,4,1,Software Engineer
Engineering,3.97,"Communication,Python",2,8,0,Software Engineer
Engineering,2.96,"Leadership,Design,Data Analysis,Java,Statistics",3,3,0,Software Engineer
Business,2.65,"Communication,Data Analysis,Design",3,9,1,UX Researcher
Biology,3.14,"Communication,Leadership,Python",2,2,2,Software Engineer
Biology,3.23,"Statistics,Data Analysis,Design,Leadership",3,6,2,UX Researcher
Biology,3.63,"Project Management,Design,Leadership",1,5,3,UX Researcher
Mathematics,2.96,"Project Management,Statistics,Leadership,Python",4,6,3,Software Engineer
Business,2.04,"Communication,Project Management,Java,Statistics",2,5,2,Software Engineer
Psychology,2.35,"Design,Data Analysis",3,7,1,Software Engineer
Psychology,2.06,"Data Analysis,Python,Leadership",1,2,2,Data Scientist
Engineering,3.25,"Project Management,Design,Communication,Java,Data Analysis",1,1,2,Software Engineer
Biology,2.98,"Data Analysis,Project Management,Java",0,8,0,Software Engineer
Engineering,3.31,"Java,Project Management,Design,Data Analysis",2,9,2,Software Engineer
Business,2.9,"Project Management,Java,Data Analysis,Communication,Leadership",0,8,3,Software Engineer
Psychology,2.07,"Data Analysis,Java",3,7,3,Consultant
Psychology,3.08,"Communication,Statistics,Leadership,Data Analysis,Python",1,0,2,Data Scientist
Engineering,2.63,"Project Management,Leadership",2,1,0,Product Manager
Business,2.69,"Python,Data Analysis,Java",3,6,3,ML Engineer
Mathematics,2.89,"Leadership,Project Management",2,9,1,Data Scientist
Business,3.74,"Statistics,Design,Leadership,Java,Project Management",2,4,3,Software Engineer
Business,2.7,"Data Analysis,Project Management,Communication",4,8,0,ML Engineer
Engineering,3.76,"Python,Leadership",4,8,2,Software Engineer
Engineering,2.75,"Communication,Java,Project Management",1,6,2,Software Engineer
Psychology,3.1,"Design,Statistics",2,7,1,UX Researcher
Business,2.93,"Data Analysis,Design,Project Management,Python",0,4,1,Data Scientist
Psychology,3.22,"Leadership,Python,Data Analysis,Communication,Java",4,4,2,ML Engineer
Psychology,3.91,"Statistics,Design,Java,Python,Leadership",1,3,3,Software Engineer
Biology,2.61,"Python,Statistics,Leadership,Design",0,3,1,Software Engineer
Engineering,2.25,"Data Analysis,Communication,Design,Project Management,Python",3,3,3,Data Scientist
Psychology,2.09,"Project Management,Communication,Python",0,9,3,Software Engineer
Mathematics,3.81,"Communication,Leadership,Design,Statistics,Data Analysis",2,3,3,Product Manager
Computer Science,2.19,"Design,Communication,Statistics,Data Analysis,Leadership",3,1,0,Product Manager
Computer Science,2.36,"Leadership,Design",4,8,1,UX Researcher
Engineering,3.19,"Statistics,Communication,Python",2,6,3,Software Engineer
Engineering,3.21,"Project Management,Data Analysis,Python",3,2,0,Data Scientist
Computer Science,3.23,"Leadership,Design",4,7,1,UX Researcher
Engineering,3.07,"Python,Communication",0,2,1,Software Engineer
Psychology,2.12,"Project Management,Statistics,Data Analysis,Python,Design",0,6,3,Data Scientist
Psychology,2.7,"Python,Java,Statistics,Design,Leadership",4,3,3,Software Engineer
Computer Science,3.68,"Python,Leadership",0,4,3,Software Engineer
Psychology,3.42,"Project Management,Data Analysis,Statistics",1,8,0,Data Scientist
Engineering,2.79,"Statistics,Python,Leadership,Design",3,4,3,Software Engineer
Computer Science,2.23,"Python,Statistics,Communication",2,6,3,Software Engineer
Mathematics,2.05,"Statistics,Python,Leadership,Design",1,8,0,UX Researcher
Biology,2.28,"Java,Python,Statistics,Data Analysis,Communication",0,4,1,Data Scientist
Computer Science,2.47,"Python,Design",1,5,3,Software Engineer
Biology,3.21,"Python,Communication,Java,Design",0,1,1,ML Engineer
Computer Science,2.86,"Project Management,Design",3,0,3,UX Researcher
Computer Science,2.47,"Data Analysis,Python,Java,Statistics,Design",1,4,3,Data Scientist
Engineering,2.74,"Data Analysis,Communication,Python,Java,Statistics",1,4,1,ML Engineer
Business,2.38,"Communication,Data Analysis",4,1,0,ML Engineer
Computer Science,2.22,"Java,Python,Project Management,Design,Communication",1,3,1,Software Engineer
Psychology,3.3,"Data Analysis,Project Management,Design,Java",1,0,0,Software Engineer
Computer Science,3.89,"Design,Data Analysis,Project Management",3,7,0,UX Researcher
Business,2.77,"Java,Leadership,Design",4,0,2,Software Engineer
Mathematics,2.08,"Statistics,Java,Design,Communication",0,4,3,Software Engineer
Business,2.92,"Java,Python,Leadership,Statistics,Design",1,4,0,Software Engineer
Business,2.04,"Data Analysis,Statistics,Java,Leadership,Design",1,2,0,Software Engineer
Psychology,3.55,"Data Analysis,Communication",3,7,1,Consultant
Psychology,2.31,"Communication,Design,Data Analysis",3,9,0,UX Researcher
Psychology,2.48,"Java,Statistics",1,6,2,Software Engineer
Computer Science,3.09,"Python,Java",2,8,1,Software Engineer
Mathematics,2.33,"Design,Python",2,6,3,Software Engineer
Biology,3.08,"Communication,Java",3,8,3,Software Engineer
Business,3.12,"Statistics,Java,Design,Project Management,Data Analysis",1,1,2,Software Engineer
Mathematics,3.47,"Design,Statistics,Leadership,Communication",3,3,1,Product Manager
Business,2.07,"Data Analysis,Leadership",2,2,2,ML Engineer
Business,2.74,"Leadership,Statistics",4,5,3,Data Scientist
Business,3.24,"Java,Design,Data Analysis,Statistics,Project Management",3,2,3,Software Engineer
Business,3.12,"Python,Leadership,Communication,Data Analysis,Statistics",3,2,0,ML Engineer
Mathematics,3.49,"Statistics,Java,Python",0,6,0,Software Engineer
Psychology,2.13,"Design,Leadership,Java,Communication,Python",0,0,1,Software Engineer
Engineering,3.37,"Statistics,Project Management,Leadership,Java",3,9,1,Software Engineer
Engineering,2.05,"Java,Communication,Statistics",4,2,1,Data Scientist
Engineering,2.75,"Data Analysis,Statistics,Design,Java,Project Management",1,3,1,Software Engineer
Business,3.82,"Leadership,Data Analysis,Statistics,Java,Project Management",3,8,2,Software Engineer
Psychology,2.03,"Statistics,Python,Leadership,Data Analysis,Project Management",3,7,1,Data Scientist
Business,3.69,"Statistics,Java,Data Analysis",1,9,2,Software Engineer
Psychology,2.63,"Python,Project Management,Leadership,Communication",4,9,1,Software Engineer
Biology,3.46,"Communication,Python,Statistics",0,2,2,UX Researcher
Computer Science,2.37,"Design,Statistics",0,0,3,UX Researcher
Business,2.81,"Communication,Data Analysis,Java,Leadership",1,0,1,Software Engineer
Business,3.33,"Communication,Design",3,7,2,UX Researcher
Psychology,2.71,"Statistics,Design,Java,Communication",3,3,1,Software Engineer
Mathematics,3.32,"Project Management,Statistics,Java,Python,Leadership",1,0,2,Software Engineer
Biology,2.69,"Project Management,Design,Leadership,Statistics,Data Analysis",0,1,2,UX Researcher
Engineering,2.39,"Project Management,Data Analysis,Leadership,Design,Python",0,7,1,Data Scientist
Psychology,2.33,"Python,Communication,Statistics,Java,Design",0,0,2,Software Engineer
Mathematics,3.47,"Statistics,Java,Python,Design,Project Management",2,6,3,ML Engineer
Mathematics,3.34,"Leadership,Python",2,4,0,Software Engineer
Psychology,3.44,"Communication,Project Management,Python",4,8,3,Consultant
Engineering,3.52,"Project Management,Statistics",1,5,2,Consultant
Business,2.49,"Communication,Statistics,Data Analysis,Leadership,Python",1,8,2,Data Scientist
Computer Science,2.87,"Project Management,Statistics,Java,Data Analysis,Communication",2,2,0,Software Engineer
Business,2.65,"Data Analysis,Java,Leadership,Statistics,Python",2,3,1,Data Scientist
Mathematics,2.07,"Java,Data Analysis",0,2,3,Software Engineer
Business,3.3,"Python,Leadership,Communication",3,4,3,Software Engineer
Engineering,3.95,"Leadership,Project Management,Java",0,2,1,Data Scientist
Engineering,3.61,"Java,Project Management,Communication,Data Analysis,Python",3,2,2,Data Scientist
Mathematics,3.08,"Data Analysis,Java,Leadership,Communication,Statistics",2,4,2,Software Engineer
Biology,3.49,"Project Management,Leadership,Design,Python,Java",0,7,2,Software Engineer
Mathematics,3.68,"Python,Leadership,Java,Statistics,Project Management",4,4,0,Software Engineer
Mathematics,3.2,"Java,Communication",1,7,3,Software Engineer
Mathematics,3.39,"Leadership,Statistics,Java,Data Analysis,Python",4,5,3,ML Engineer
Computer Science,3.41,"Python,Data Analysis,Java,Leadership,Design",4,2,1,Data Scientist
Engineering,3.49,"Communication,Data Analysis",3,5,1,Product Manager
Psychology,2.94,"Statistics,Design",4,3,3,UX Researcher
Mathematics,2.01,"Statistics,Java,Project Management",4,4,0,Software Engineer
Business,2.59,"Data Analysis,Java,Communication",4,2,2,Software Engineer
Computer Science,2.06,"Communication,Java,Leadership,Python,Statistics",4,0,3,Software Engineer
Psychology,3.76,"Java,Data Analysis",1,6,3,Software Engineer
Computer Science,3.27,"Project Management,Data Analysis,Statistics,Java",3,0,2,Software Engineer
Mathematics,2.24,"Data Analysis,Leadership,Java,Statistics,Design",0,6,1,Software Engineer
Computer Science,3.29,"Communication,Python,Statistics,Project Management",0,6,3,Software Engineer
Biology,2.24,"Statistics,Project Management,Communication",3,2,2,Data Scientist
Mathematics,2.8,"Communication,Java",3,4,1,UX Researcher
Engineering,2.16,"Python,Data Analysis",2,2,3,Data Scientist
Engineering,3.16,"Project Management,Java,Statistics",1,7,3,Software Engineer
Psychology,2.09,"Design,Leadership",1,2,2,UX Researcher
Engineering,2.82,"Data Analysis,Project Management",3,0,0,Data Scientist
Engineering,3.06,"Python,Statistics",2,1,1,Software Engineer
Mathematics,2.58,"Design,Data Analysis",3,1,3,UX Researcher
Mathematics,2.58,"Project Management,Data Analysis,Java,Statistics",4,4,0,Software Engineer
Business,2.34,"Python,Leadership",4,2,1,Software Engineer
Biology,3.35,"Design,Java",4,2,0,Software Engineer
Engineering,2.41,"Statistics,Project Management",1,2,0,Data Scientist
Psychology,3.71,"Leadership,Project Management",4,5,0,Consultant
Psychology,2.12,"Data Analysis,Statistics,Leadership,Project Management,Java",2,2,1,UX Researcher
Psychology,3.73,"Design,Leadership,Project Management,Python",2,8,2,Software Engineer
Engineering,3.79,"Project Management,Leadership,Python,Design",0,7,3,Software Engineer
Computer Science,3.69,"Java,Communication,Python,Leadership,Statistics",4,6,3,Software Engineer
Biology,3.38,"Project Management,Python,Leadership,Communication",3,1,0,Software Engineer
Biology,3.91,"Communication,Leadership,Statistics,Python",2,0,3,Software Engineer
Computer Science,2.14,"Design,Java",2,1,2,Software Engineer
Computer Science,3.45,"Python,Java,Statistics",3,1,0,Product Manager
Biology,2.6,"Project Management,Data Analysis,Leadership,Communication,Design",1,1,1,Product Manager
Psychology,3.73,"Communication,Leadership,Python,Java",4,6,0,Software Engineer
Biology,3.96,"Design,Communication",0,6,2,Data Scientist
Business,3.64,"Python,Data Analysis,Leadership",4,7,2,Data Scientist
Mathematics,3.83,"Data Analysis,Python,Statistics,Leadership,Project Management",2,8,3,Data Scientist
Computer Science,3.02,"Leadership,Communication,Project Management",0,5,0,ML Engineer
Psychology,2.2,"Leadership,Design",2,2,0,UX Researcher
Psychology,3.35,"Design,Communication",1,6,0,UX Researcher
Mathematics,2.37,"Leadership,Java,Design,Statistics,Project Management",0,4,3,Software Engineer
Psychology,4.0,"Project Management,Java",1,2,3,Software Engineer
Computer Science,2.37,"Data Analysis,Statistics",0,3,0,Data Scientist
Mathematics,2.59,"Python,Design,Leadership,Data Analysis,Java",3,4,3,ML Engineer
Psychology,2.17,"Statistics,Project Management,Communication,Java",4,4,1,Software Engineer
Mathematics,3.82,"Leadership,Project Management,Statistics",0,5,3,Data Scientist
Engineering,3.76,"Leadership,Statistics,Data Analysis",0,7,3,Product Manager
Biology,2.03,"Data Analysis,Communication,Leadership,Project Management",4,8,0,Product Manager
Psychology,3.28,"Design,Java,Statistics,Python,Communication",2,8,3,Software Engineer
Computer Science,2.58,"Java,Leadership",1,1,3,Software Engineer
Psychology,2.95,"Data Analysis,Design,Statistics",3,5,0,UX Researcher
Business,2.39,"Leadership,Communication,Design",2,4,3,Product Manager
Psychology,3.29,"Java,Leadership",0,1,1,Software Engineer
Mathematics,2.99,"Statistics,Communication",4,9,0,Consultant
Biology,3.86,"Communication,Python,Statistics",4,7,3,UX Researcher
Computer Science,2.27,"Design,Python,Statistics,Project Management",3,2,3,Product Manager
Business,3.05,"Statistics,Design,Communication,Project Management,Java",1,9,1,Software Engineer
Engineering,3.46,"Communication,Leadership",4,9,3,Product Manager
Psychology,2.49,"Design,Leadership",4,5,3,UX Researcher
Business,3.57,"Statistics,Leadership,Design,Python,Data Analysis",1,6,3,ML Engineer
Engineering,2.06,"Data Analysis,Design,Python,Project Management",2,1,2,Data Scientist
Computer Science,3.27,"Java,Communication,Project Management,Python,Statistics",1,0,1,ML Engineer
Psychology,3.15,"Data Analysis,Leadership,Project Management",3,3,2,Data Scientist
Computer Science,2.08,"Leadership,Data Analysis,Statistics",4,3,0,Data Scientist
Engineering,2.86,"Project Management,Python,Design,Communication,Leadership",1,7,0,Software Engineer
Psychology,3.65,"Data Analysis,Project Management,Design,Python,Leadership",2,6,1,Data Scientist
Psychology,2.59,"Java,Statistics,Project Management,Communication",3,1,0,Software Engineer
Business,3.65,"Java,Design,Statistics",4,8,0,Software Engineer
Psychology,3.05,"Communication,Statistics",2,5,2,Data Scientist
Psychology,2.45,"Project Management,Java,Data Analysis,Design",1,4,0,Software Engineer
Engineering,2.36,"Leadership,Python,Java",4,7,0,Software Engineer
Business,3.42,"Communication,Project Management,Data Analysis,Leadership",1,5,0,Product Manager
Psychology,3.26,"Java,Communication,Data Analysis,Statistics",2,3,0,Data Scientist
Engineering,3.61,"Data Analysis,Communication,Project Management,Design",0,8,0,UX Researcher
Psychology,3.96,"Java,Design,Data Analysis,Leadership",0,0,2,Software Engineer
Psychology,3.57,"Design,Statistics,Project Management,Leadership,Data Analysis",1,0,1,UX Researcher
Psychology,3.12,"Java,Communication",0,4,2,Software Engineer
Mathematics,3.92,"Design,Python,Java",3,3,3,Software Engineer
Biology,3.35,"Communication,Python",2,1,3,Software Engineer
Psychology,2.37,"Communication,Java,Python,Project Management,Statistics",0,4,0,ML Engineer
Biology,2.49,"Communication,Leadership",1,6,3,UX Researcher
Biology,3.47,"Project Management,Java,Python,Communication",1,9,0,Data Scientist
Biology,3.04,"Data Analysis,Python",4,1,1,Data Scientist
Computer Science,2.8,"Leadership,Communication,Design,Project Management",1,5,1,Product Manager
Engineering,2.15,"Design,Java,Statistics",2,1,1,Software Engineer
Biology,3.93,"Project Management,Leadership,Statistics,Communication",2,3,2,Product Manager
Mathematics,2.35,"Statistics,Design,Communication,Data Analysis",2,4,2,UX Researcher
Psychology,3.4,"Java,Statistics",0,3,2,UX Researcher
Computer Science,3.68,"Data Analysis,Leadership,Communication",1,2,3,Product Manager
Computer Science,2.87,"Project Management,Statistics,Java,Design",3,0,2,Software Engineer
Business,3.4,"Design,Java",3,0,0,Software Engineer
Engineering,2.5,"Statistics,Python,Communication,Design,Project Management",2,1,1,Data Scientist
Business,3.61,"Design,Python,Project Management,Java",2,7,2,Software Engineer
Computer Science,3.84,"Project Management,Java,Design",4,8,1,Software Engineer
Mathematics,2.82,"Python,Statistics,Leadership",2,4,2,Software Engineer
Business,3.0,"Design,Project Management,Statistics,Communication,Leadership",4,5,3,Software Engineer
Engineering,2.82,"Java,Data Analysis,Statistics",0,9,3,Software Engineer
Engineering,3.63,"Design,Java,Statistics,Python,Leadership",1,6,0,Software Engineer
Business,3.66,"Python,Data Analysis",0,9,1,ML Engineer
Mathematics,2.79,"Statistics,Communication,Project Management,Java",0,6,3,Software Engineer
Computer Science,2.03,"Python,Data Analysis",4,0,2,Data Scientist
Biology,3.58,"Leadership,Communication,Data Analysis",1,2,1,Product Manager
Psychology,3.16,"Design,Project Management,Leadership",2,5,2,UX Researcher
Engineering,3.11,"Statistics,Communication,Java,Leadership",1,0,0,Software Engineer
Engineering,3.09,"Project Management,Data Analysis",1,0,2,ML Engineer
Computer Science,3.36,"Data Analysis,Communication,Java",2,8,2,Software Engineer
Mathematics,3.26,"Project Management,Data Analysis,Leadership,Design,Statistics",0,5,3,UX Researcher
Psychology,2.67,"Communication,Python",4,2,2,Software Engineer
Biology,3.3,"Leadership,Statistics,Python",3,3,0,Data Scientist
Business,3.03,"Project Management,Design,Python",2,2,1,Software Engineer
Engineering,3.41,"Design,Python,Leadership,Java,Project Management",2,1,1,Software Engineer
Computer Science,2.01,"Data Analysis,Project Management,Design,Statistics,Communication",1,4,3,UX Researcher
Business,3.52,"Python,Java,Design,Statistics",0,5,0,Software Engineer
Engineering,2.87,"Python,Data Analysis,Project Management",3,9,0,ML Engineer
Engineering,2.37,"Leadership,Python",0,9,1,Software Engineer
Engineering,3.64,"Leadership,Java,Communication",2,0,1,Software Engineer
Psychology,2.93,"Project Management,Design,Python",3,6,2,Software Engineer
Psychology,3.55,"Design,Java,Data Analysis,Leadership,Statistics",4,4,3,Software Engineer
Mathematics,3.26,"Project Management,Statistics,Leadership",4,5,1,Data Scientist
Engineering,3.63,"Java,Python",2,9,2,Product Manager
Mathematics,2.64,"Project Management,Python,Java,Design",3,4,2,Software Engineer
Biology,3.83,"Python,Leadership",4,4,0,Software Engineer
Computer Science,2.14,"Communication,Design",0,3,3,UX Researcher
Engineering,3.86,"Project Management,Java,Python,Design",1,3,1,Software Engineer
Psychology,3.88,"Python,Design,Communication",1,7,2,UX Researcher
Mathematics,2.11,"Communication,Design,Data Analysis,Leadership",3,0,2,Product Manager
Biology,2.91,"Project Management,Data Analysis,Statistics,Communication",0,6,2,Data Scientist
Psychology,2.91,"Python,Statistics,Java,Leadership,Communication",4,1,0,Software Engineer
Business,3.84,"Design,Java,Python",1,0,3,Software Engineer
Biology,3.32,"Communication,Java,Statistics,Python",0,2,2,Software Engineer
Business,3.38,"Java,Project Management,Data Analysis,Design",3,0,0,Consultant
Mathematics,2.17,"Python,Design,Data Analysis,Leadership",1,5,3,Data Scientist
Mathematics,3.06,"Leadership,Project Management",3,9,2,UX Researcher
Mathematics,2.6,"Python,Project Management,Statistics,Data Analysis,Communication",1,6,2,Data Scientist
Mathematics,2.96,"Statistics,Python,Java",0,0,2,Data Scientist
Computer Science,3.43,"Data Analysis,Communication",3,7,0,Data Scientist
Mathematics,3.98,"Leadership,Statistics",0,5,2,Data Scientist
Computer Science,3.72,"Design,Leadership,Java",4,0,0,Software Engineer
Engineering,3.47,"Python,Project Management,Data Analysis,Leadership,Communication",0,5,2,Data Scientist
Biology,3.71,"Python,Communication,Data Analysis,Statistics",0,5,1,Product Manager
Psychology,3.11,"Java,Design,Data Analysis,Python",4,9,3,Data Scientist
Mathematics,3.25,"Data Analysis,Project Management,Leadership",3,0,0,ML Engineer
Business,2.47,"Communication,Python,Project Management,Java",4,6,0,Software Engineer
Computer Science,3.4,"Communication,Leadership,Data Analysis,Statistics",1,1,0,Product Manager
Biology,2.41,"Leadership,Statistics,Java,Design",4,6,3,Software Engineer
Computer Science,3.71,"Project Management,Java",0,0,0,Software Engineer
Computer Science,2.38,"Project Management,Leadership,Java,Statistics",2,6,2,Software Engineer
Computer Science,2.47,"Communication,Data Analysis",2,5,3,Software Engineer
Engineering,2.69,"Design,Python",2,7,1,Software Engineer
Biology,3.89,"Statistics,Leadership,Data Analysis,Python",1,3,1,ML Engineer
Psychology,3.98,"Leadership,Java,Python",1,7,0,Data Scientist
Psychology,2.4,"Design,Java,Data Analysis,Project Management",2,9,3,Software Engineer
Business,3.81,"Statistics,Leadership,Python,Communication,Design",1,0,2,Software Engineer
Computer Science,3.33,"Python,Design,Data Analysis",0,5,0,ML Engineer
Computer Science,3.73,"Data Analysis,Communication,Java,Python,Statistics",1,9,1,Data Scientist
Mathematics,3.17,"Java,Statistics,Project Management",3,1,0,Software Engineer
Biology,3.05,"Project Management,Design,Leadership,Communication,Python",2,4,1,Software Engineer
Mathematics,2.24,"Communication,Project Management",3,2,1,Product Manager
Psychology,3.75,"Python,Project Management",0,6,2,Software Engineer
Business,2.1,"Java,Statistics,Design,Data Analysis,Leadership",0,9,1,Software Engineer
Biology,2.95,"Data Analysis,Leadership",0,5,0,Product Manager
Biology,2.37,"Java,Communication,Python,Data Analysis,Project Management",4,7,2,Data Scientist
Business,3.37,"Python,Data Analysis",2,1,1,Consultant
Mathematics,2.45,"Java,Python,Communication,Leadership,Design",2,2,3,Software Engineer
Business,3.67,"Design,Java,Communication,Data Analysis,Python",0,2,3,ML Engineer
Biology,2.56,"Python,Leadership,Java,Project Management",4,9,3,Software Engineer
Business,3.11,"Communication,Java,Leadership",3,2,2,Software Engineer
Computer Science,2.57,"Leadership,Data Analysis,Communication",3,1,2,ML Engineer
Biology,3.08,"Project Management,Java,Data Analysis",1,1,2,Software Engineer
Computer Science,2.62,"Leadership,Python,Communication,Project Management,Java",3,3,0,Software Engineer
Mathematics,3.71,"Leadership,Statistics,Java,Communication,Python",2,9,2,UX Researcher
Biology,3.38,"Leadership,Communication",4,3,3,Software Engineer
Psychology,2.26,"Data Analysis,Design,Communication,Leadership,Java",1,6,2,Software Engineer
Biology,2.32,"Statistics,Communication,Python,Leadership,Design",4,6,2,Software Engineer
Biology,3.74,"Design,Communication,Project Management,Leadership,Data Analysis",1,2,0,Product Manager
Biology,3.56,"Data Analysis,Design,Python,Leadership",1,9,2,Data Scientist
Biology,2.39,"Java,Project Management,Statistics,Python,Data Analysis",0,7,3,UX Researcher
Psychology,2.1,"Project Management,Statistics,Python,Data Analysis",3,4,0,Data Scientist
Biology,3.11,"Communication,Project Management",0,5,2,UX Researcher
Business,2.11,"Communication,Statistics,Project Management,Python,Java",4,3,1,Software Engineer
Psychology,2.24,"Java,Python,Leadership,Project Management",3,8,3,Software Engineer
Business,2.09,"Statistics,Project Management,Python,Communication",1,9,0,Software Engineer
Psychology,3.95,"Java,Communication,Project Management",4,1,2,Software Engineer
Business,3.24,"Java,Statistics,Project Management,Communication,Data Analysis",4,3,2,Software Engineer
Business,2.51,"Design,Java",1,9,3,Software Engineer
Engineering,2.25,"Python,Project Management,Communication,Design,Leadership",2,0,1,Software Engineer
Business,3.15,"Data Analysis,Java,Leadership",3,9,3,Software Engineer
Computer Science,3.3,"Data Analysis,Statistics,Java,Communication",2,8,3,Software Engineer
Business,3.19,"Design,Data Analysis,Leadership,Statistics,Java",0,1,3,Software Engineer
Psychology,3.55,"Statistics,Python,Leadership,Java",1,4,3,Software Engineer
Mathematics,2.14,"Python,Data Analysis,Project Management",3,3,1,Data Scientist
Psychology,3.21,"Data Analysis,Project Management,Statistics,Java,Design",4,4,3,Software Engineer
Engineering,3.19,"Statistics,Java,Data Analysis,Leadership",4,6,1,Software Engineer
Psychology,3.85,"Project Management,Design,Data Analysis",2,0,0,UX Researcher
Computer Science,3.11,"Java,Python,Statistics",0,5,2,Software Engineer
Biology,3.33,"Leadership,Java",2,6,2,Product Manager
Mathematics,2.18,"Statistics,Java,Leadership,Python,Project Management",4,0,0,Software Engineer
Psychology,3.36,"Java,Design",2,3,0,Software Engineer
Psychology,2.85,"Project Management,Java,Communication,Python",0,5,3,Software Engineer
Mathematics,3.59,"Python,Leadership,Project Management,Statistics",2,8,3,Software Engineer
Engineering,3.17,"Communication,Python,Project Management,Leadership",1,2,3,Software Engineer
Psychology,2.62,"Leadership,Statistics,Java",2,6,0,UX Researcher
Business,3.54,"Statistics,Communication,Python,Java,Design",0,8,0,Software Engineer
Computer Science,3.93,"Communication,Statistics,Leadership,Project Management,Java",4,6,1,Software Engineer
Computer Science,2.76,"Statistics,Design,Project Management",3,0,2,UX Researcher
Biology,3.88,"Leadership,Project Management",4,5,3,Data Scientist
Computer Science,3.88,"Data Analysis,Leadership,Communication",4,1,1,Software Engineer
Computer Science,2.33,"Design,Leadership,Project Management,Data Analysis,Statistics",3,0,2,UX Researcher
Computer Science,2.2,"Project Management,Python,Statistics,Design,Java",2,8,1,Software Engineer
Mathematics,2.29,"Design,Java,Statistics,Python",1,6,0,Software Engineer
Biology,2.63,"Data Analysis,Python,Leadership",4,0,2,ML Engineer
Biology,3.44,"Python,Communication,Statistics,Java,Leadership",4,8,1,Software Engineer
Mathematics,3.57,"Java,Design,Project Management",0,4,2,Software Engineer
Mathematics,2.23,"Design,Python,Leadership",1,0,3,Software Engineer
Business,2.88,"Statistics,Data Analysis,Leadership,Design",3,5,1,UX Researcher
Computer Science,2.03,"Java,Python,Data Analysis,Leadership",0,8,1,Data Scientist
Mathematics,3.53,"Leadership,Python,Communication,Design,Statistics",2,2,2,Software Engineer
Mathematics,2.77,"Java,Project Management,Data Analysis",1,3,2,Software Engineer
Mathematics,2.05,"Design,Project Management,Java,Communication,Python",4,8,2,Software Engineer
Biology,3.64,"Data Analysis,Design,Java",0,8,1,Software Engineer
Computer Science,3.59,"Java,Leadership,Data Analysis",4,8,1,Product Manager
Biology,2.57,"Design,Java,Leadership,Data Analysis",0,7,3,Software Engineer
Computer Science,2.04,"Design,Statistics",3,5,1,UX Researcher
Business,3.18,"Design,Python",2,2,2,Software Engineer
Business,3.75,"Java,Project Management,Statistics",2,1,3,Software Engineer
Psychology,3.46,"Design,Leadership",4,9,2,UX Researcher
Engineering,2.92,"Python,Java,Data Analysis",4,7,3,ML Engineer
Business,3.81,"Java,Statistics",2,6,3,Software Engineer
Engineering,2.7,"Communication,Statistics,Java,Design",2,7,2,Software Engineer
Business,2.09,"Java,Statistics,Communication,Project Management",4,9,3,Software Engineer
Mathematics,2.88,"Data Analysis,Java,Statistics,Python,Communication",0,9,1,ML Engineer
Biology,2.18,"Communication,Statistics,Python,Project Management",2,1,3,Software Engineer
Mathematics,2.25,"Data Analysis,Java,Project Management,Leadership",2,1,0,Software Engineer
Mathematics,3.62,"Statistics,Communication,Java,Leadership",0,1,3,Software Engineer
Business,2.61,"Data Analysis,Communication",2,6,2,Data Scientist
Computer Science,2.43,"Design,Java,Statistics,Data Analysis,Python",0,8,1,ML Engineer
Engineering,3.11,"Design,Python",4,3,1,Software Engineer
Mathematics,2.57,"Communication,Project Management,Leadership,Java,Python",2,4,0,Software Engineer
Psychology,3.0,"Project Management,Statistics,Data Analysis,Design,Python",3,6,2,ML Engineer
Mathematics,2.61,"Project Management,Design,Data Analysis,Communication",4,1,0,UX Researcher
Psychology,2.41,"Python,Communication,Leadership",4,2,1,Software Engineer
Engineering,3.05,"Java,Leadership,Data Analysis",0,2,1,Software Engineer
Biology,2.68,"Python,Leadership",3,2,1,Software Engineer
Mathematics,3.72,"Data Analysis,Leadership,Design,Statistics",4,8,2,UX Researcher
Engineering,3.02,"Project Management,Python,Statistics,Leadership",2,9,3,Software Engineer
Biology,3.89,"Java,Statistics,Project Management,Leadership",3,2,2,Software Engineer
Mathematics,2.11,"Java,Leadership,Project Management,Statistics",2,9,0,Software Engineer
Psychology,3.16,"Project Management,Java,Design,Communication",2,3,1,Software Engineer
Mathematics,3.84,"Project Management,Data Analysis,Design,Leadership",1,5,2,UX Researcher
Psychology,2.47,"Project Management,Communication,Statistics,Java",3,0,0,Consultant
Psychology,3.06,"Python,Statistics",4,8,1,Software Engineer
Engineering,2.5,"Java,Data Analysis",4,5,2,Data Scientist
Business,3.35,"Leadership,Design,Data Analysis,Project Management",0,6,0,UX Researcher
Psychology,2.0,"Data Analysis,Communication,Design,Java",0,3,1,Software Engineer
Biology,3.64,"Communication,Leadership",0,0,3,Product Manager
Mathematics,2.7,"Design,Leadership,Project Management,Statistics",3,5,1,UX Researcher
Business,2.38,"Design,Data Analysis,Communication,Project Management,Statistics",4,9,0,Consultant
Engineering,2.06,"Python,Statistics,Design",1,0,3,UX Researcher
Business,2.19,"Communication,Statistics",2,5,3,Product Manager
Biology,3.98,"Leadership,Java,Communication",4,5,2,ML Engineer
Engineering,2.66,"Communication,Project Management,Leadership",0,7,1,Product Manager
Engineering,2.65,"Statistics,Project Management,Design",4,0,2,UX Researcher
Mathematics,3.72,"Project Management,Statistics,Python,Communication,Java",1,0,0,Software Engineer
Psychology,3.21,"Python,Data Analysis,Project Management,Communication,Leadership",2,1,1,Data Scientist
Psychology,3.59,"Data Analysis,Design,Statistics,Java,Leadership",1,5,0,Software Engineer
Business,2.42,"Design,Project Management,Leadership,Statistics",2,8,0,UX Researcher
Business,2.22,"Communication,Python,Data Analysis,Java",2,6,0,Product Manager
Business,3.25,"Communication,Project Management,Java",1,6,1,Software Engineer
Psychology,3.1,"Statistics,Design,Communication,Leadership,Data Analysis",2,7,3,Product Manager
Biology,3.65,"Statistics,Python",3,1,2,Software Engineer
Computer Science,3.37,"Communication,Leadership,Design",4,4,1,Product Manager
Biology,2.6,"Data Analysis,Statistics",0,3,0,Data Scientist
Business,3.93,"Communication,Python,Statistics,Project Management,Design",1,0,1,Software Engineer
Psychology,3.83,"Communication,Java,Data Analysis",1,3,3,Software Engineer
Engineering,2.11,"Python,Java",3,9,0,Software Engineer
Biology,3.92,"Design,Communication,Statistics",0,0,3,UX Researcher
Engineering,2.87,"Statistics,Leadership,Project Management,Python",3,7,0,Software Engineer
Computer Science,2.1,"Project Management,Python,Data Analysis",2,9,1,Data Scientist
Computer Science,2.97,"Python,Design,Project Management,Java",3,0,3,Software Engineer
Mathematics,3.24,"Python,Data Analysis,Design",0,6,2,Data Scientist
Psychology,3.48,"Python,Statistics,Java,Leadership,Communication",3,2,1,Consultant
Biology,2.99,"Python,Leadership,Statistics,Data Analysis,Project Management",4,2,3,Consultant
Psychology,3.74,"Python,Java,Communication,Design",2,9,0,Software Engineer
Mathematics,2.24,"Project Management,Data Analysis,Communication,Statistics",2,5,3,ML Engineer
Engineering,2.61,"Python,Leadership,Statistics,Data Analysis",0,9,1,Data Scientist
Engineering,2.96,"Data Analysis,Project Management,Python,Design",0,3,1,Software Engineer
Business,3.18,"Communication,Java,Project Management,Design,Python",1,4,3,Software Engineer
Psychology,2.51,"Python,Data Analysis,Design,Statistics,Project Management",4,5,0,Data Scientist
Psychology,3.85,"Statistics,Data Analysis,Design,Communication",1,6,1,UX Researcher
Computer Science,3.25,"Statistics,Python,Design",0,6,3,Software Engineer
Business,2.15,"Leadership,Python",3,9,3,Software Engineer
Engineering,3.58,"Project Management,Data Analysis",0,4,1,UX Researcher
Business,2.69,"Data Analysis,Statistics,Java",3,0,2,Data Scientist
Psychology,3.03,"Design,Statistics",2,9,2,UX Researcher
Computer Science,2.19,"Data Analysis,Design,Project Management",4,2,0,UX Researcher
Engineering,2.2,"Design,Python,Statistics,Leadership",4,5,3,Software Engineer
Mathematics,2.79,"Java,Leadership,Data Analysis",4,4,2,ML Engineer
Computer Science,2.26,"Python,Project Management,Design",3,4,1,Software Engineer
Engineering,3.39,"Java,Data Analysis",0,6,3,Software Engineer
Engineering,2.41,"Data Analysis,Project Management",0,8,3,Consultant
Psychology,3.66,"Communication,Python",1,9,1,Software Engineer
Computer Science,2.43,"Statistics,Communication",4,2,1,Data Scientist
Psychology,3.91,"Leadership,Data Analysis,Design,Project Management",0,4,1,UX Researcher
Biology,2.44,"Project Management,Data Analysis,Leadership,Statistics",4,1,2,Data Scientist
Psychology,2.46,"Design,Leadership,Data Analysis",2,9,1,UX Researcher
Computer Science,2.68,"Java,Statistics,Leadership,Project Management",1,0,3,Software Engineer
Biology,2.08,"Communication,Leadership,Python,Design",1,8,2,Software Engineer
Engineering,2.91,"Leadership,Python,Java,Data Analysis,Statistics",1,8,1,Data Scientist
Mathematics,2.83,"Design,Python,Data Analysis,Project Management",3,4,0,Data Scientist
Mathematics,3.3,"Project Management,Python",3,6,0,Software Engineer
Psychology,2.75,"Project Management,Data Analysis,Communication",4,9,1,Data Scientist
Psychology,3.41,"Design,Leadership",4,0,0,UX Researcher
Business,2.27,"Python,Java,Project Management,Statistics",1,0,0,Software Engineer
Computer Science,3.14,"Project Management,Leadership,Data Analysis,Design",0,0,2,UX Researcher
Mathematics,3.89,"Data Analysis,Python,Leadership,Java,Statistics",3,4,3,Data Scientist
Computer Science,2.56,"Communication,Design,Statistics,Java,Data Analysis",0,7,2,Software Engineer
Mathematics,3.02,"Data Analysis,Design,Python,Java",2,4,0,Data Scientist
Mathematics,3.62,"Python,Communication,Data Analysis,Leadership",0,0,2,Data Scientist
Psychology,3.5,"Project Management,Communication",3,7,0,ML Engineer
Biology,3.0,"Project Management,Statistics,Java,Design,Data Analysis",1,9,0,Software Engineer
Business,2.74,"Java,Communication,Leadership,Statistics,Design",3,7,3,Software Engineer
Biology,3.59,"Java,Data Analysis",1,6,3,Software Engineer
Biology,2.16,"Statistics,Design,Communication,Project Management,Leadership",1,6,3,Product Manager
Biology,2.52,"Communication,Statistics",3,3,2,Software Engineer
Psychology,2.64,"Python,Statistics,Data Analysis,Java",0,0,2,Data Scientist
Mathematics,3.42,"Data Analysis,Python,Project Management",3,9,0,Data Scientist
Engineering,3.21,"Data Analysis,Communication,Python,Leadership",2,1,3,ML Engineer
Mathematics,2.92,"Leadership,Python,Communication,Project Management",3,0,2,Software Engineer
Business,2.25,"Leadership,Design,Java,Statistics",2,2,0,Software Engineer
Psychology,3.74,"Project Management,Design,Java,Statistics",3,8,3,Software Engineer
Biology,3.69,"Java,Project Management,Leadership,Data Analysis",1,8,0,Software Engineer
Psychology,2.35,"Python,Communication,Project Management,Leadership",4,3,2,Software Engineer
Computer Science,3.32,"Project Management,Data Analysis,Statistics,Communication,Design",4,2,2,UX Researcher
Business,3.16,"Python,Project Management,Data Analysis,Design",2,6,0,Data Scientist
Psychology,2.65,"Design,Java,Data Analysis",4,6,2,Software Engineer
Biology,3.62,"Java,Data Analysis,Design",3,0,1,Software Engineer
Mathematics,2.07,"Communication,Python,Java",1,1,2,Software Engineer
Biology,3.17,"Statistics,Project Management,Data Analysis",3,4,2,Data Scientist
Mathematics,2.15,"Project Management,Communication,Python",4,6,3,Software Engineer
Business,3.01,"Communication,Project Management,Data Analysis,Java",3,2,3,Software Engineer
Psychology,3.31,"Project Management,Communication,Design",1,3,2,UX Researcher
Engineering,3.29,"Design,Java,Project Management,Leadership",3,2,2,Software Engineer
Business,2.13,"Design,Data Analysis",4,9,1,UX Researcher
Biology,3.86,"Communication,Project Management,Leadership,Statistics",4,4,0,Product Manager
Psychology,2.11,"Java,Project Management",3,7,3,Software Engineer
Mathematics,3.74,"Leadership,Python,Communication,Project Management",2,7,3,Software Engineer
Biology,2.2,"Python,Data Analysis,Java,Project Management",1,8,0,Data Scientist
Business,3.51,"Data Analysis,Design,Python",0,7,0,Data Scientist
Biology,2.41,"Leadership,Java",4,9,0,Software Engineer
Engineering,3.68,"Python,Communication,Design,Data Analysis,Java",0,9,1,Data Scientist
Engineering,3.93,"Statistics,Design,Project Management",1,5,0,UX Researcher
Business,3.32,"Java,Statistics,Python",0,0,0,Software Engineer
Biology,2.42,"Project Management,Leadership,Java,Python",0,7,2,UX Researcher
Psychology,3.82,"Communication,Leadership,Design,Java,Statistics",1,2,3,Software Engineer
Engineering,2.33,"Communication,Design,Data Analysis,Leadership",2,6,2,Product Manager
Computer Science,3.79,"Leadership,Design",3,3,1,UX Researcher
Psychology,3.04,"Java,Leadership,Statistics,Python,Communication",1,2,0,Software Engineer
Engineering,2.26,"Data Analysis,Java,Python,Statistics",1,8,1,Data Scientist
Psychology,3.26,"Statistics,Communication,Data Analysis,Python",0,0,0,Data Scientist
Biology,3.96,"Leadership,Python,Design,Communication",0,2,2,UX Researcher
Psychology,2.98,"Project Management,Design,Java",1,0,0,Software Engineer
Computer Science,2.51,"Data Analysis,Project Management,Communication,Leadership,Statistics",0,5,3,Product Manager
Mathematics,2.6,"Design,Statistics,Leadership",1,9,3,UX Researcher
Business,3.82,"Data Analysis,Project Management,Leadership,Statistics",0,3,0,Data Scientist
Business,3.59,"Data Analysis,Communication,Design",2,1,3,UX Researcher
Business,2.76,"Communication,Leadership,Project Management",4,6,3,Product Manager
Computer Science,2.04,"Data Analysis,Project Management,Leadership",4,9,1,UX Researcher
Engineering,2.72,"Communication,Java,Project Management",0,7,0,Software Engineer
Psychology,3.19,"Statistics,Leadership,Design",1,1,0,UX Researcher
Psychology,2.03,"Project Management,Python,Communication",3,7,1,Software Engineer
Computer Science,2.38,"Java,Project Management,Communication,Design,Statistics",2,7,3,Software Engineer
Biology,3.05,"Project Management,Design,Data Analysis",2,0,2,Data Scientist
Psychology,2.7,"Data Analysis,Project Management,Design",4,0,2,UX Researcher
Engineering,3.4,"Communication,Data Analysis",1,0,1,Data Scientist
Business,3.17,"Design,Data Analysis,Project Management,Statistics,Leadership",1,6,3,UX Researcher
Biology,3.8,"Data Analysis,Project Management,Communication,Design,Leadership",4,6,2,Product Manager
Psychology,2.81,"Communication,Python",1,7,2,Software Engineer
Computer Science,3.43,"Java,Leadership,Data Analysis",0,3,0,UX Researcher
Mathematics,3.78,"Project Management,Statistics",3,6,1,Data Scientist
Engineering,3.27,"Project Management,Leadership,Design,Data Analysis",2,1,3,UX Researcher
Biology,3.72,"Design,Communication,Python,Statistics,Project Management",0,4,2,Software Engineer
Business,2.74,"Communication,Design,Java,Data Analysis",3,3,3,Product Manager
Business,3.87,"Design,Data Analysis,Project Management,Python,Leadership",4,2,2,Data Scientist
Computer Science,2.55,"Java,Python,Project Management",0,1,3,Software Engineer
Engineering,2.1,"Statistics,Data Analysis",3,5,3,Data Scientist
Business,3.53,"Java,Leadership,Communication",4,2,3,Software Engineer
Computer Science,3.92,"Communication,Project Management,Data Analysis,Python,Statistics",2,4,3,Data Scientist
Biology,3.73,"Leadership,Data Analysis,Python,Design,Project Management",1,6,0,Data Scientist
Psychology,2.26,"Design,Python,Project Management",3,0,2,Software Engineer
Computer Science,3.53,"Design,Leadership,Data Analysis",2,9,1,UX Researcher
Mathematics,2.21,"Java,Communication",0,9,1,Software Engineer
Biology,3.7,"Communication,Statistics,Design,Data Analysis",0,5,0,Consultant
Engineering,3.21,"Design,Data Analysis,Statistics",2,9,0,UX Researcher
Computer Science,2.07,"Statistics,Leadership,Python,Project Management,Communication",1,3,3,Software Engineer
Computer Science,3.0,"Design,Data Analysis,Leadership,Project Management",2,3,1,UX Researcher
Computer Science,3.89,"Communication,Data Analysis",1,7,2,ML Engineer
Computer Science,3.04,"Communication,Statistics,Design,Python,Data Analysis",3,1,1,Data Scientist
Psychology,2.91,"Leadership,Project Management,Python,Statistics,Data Analysis",2,0,3,ML Engineer
Engineering,2.3,"Python,Communication,Project Management,Java",3,1,3,Software Engineer
Psychology,3.4,"Communication,Python,Design",4,4,1,Software Engineer
Business,2.05,"Java,Statistics,Communication",3,6,0,Software Engineer
Engineering,3.99,"Data Analysis,Python,Java,Statistics,Project Management",4,4,3,Data Scientist
Computer Science,3.97,"Design,Project Management",0,1,1,UX Researcher
Engineering,3.76,"Communication,Design,Data Analysis,Python,Project Management",3,0,3,ML Engineer
Biology,2.51,"Python,Project Management,Communication,Statistics,Data Analysis",0,1,3,UX Researcher
Mathematics,3.84,"Python,Design,Statistics",1,7,3,Software Engineer
Mathematics,3.39,"Statistics,Project Management,Java,Design,Python",1,8,0,Software Engineer
Psychology,3.62,"Python,Data Analysis,Project Management,Java",1,1,3,Data Scientist
Psychology,2.01,"Python,Leadership,Data Analysis,Communication,Design",3,7,2,Data Scientist
Biology,2.44,"Design,Leadership,Communication,Statistics",0,3,1,Product Manager
Engineering,3.78,"Design,Python,Leadership,Statistics",3,4,2,Software Engineer
Computer Science,3.77,"Statistics,Communication,Java,Python",1,5,1,Software Engineer
Psychology,3.28,"Communication,Data Analysis,Design",3,6,3,UX Researcher
Psychology,3.21,"Java,Python,Design",2,3,0,Software Engineer
Mathematics,2.2,"Design,Leadership,Data Analysis,Communication,Project Management",1,6,2,Product Manager
Psychology,3.4,"Data Analysis,Python,Project Management,Leadership",2,2,0,Data Scientist
Mathematics,2.75,"Design,Project Management,Data Analysis,Leadership,Python",3,5,3,Data Scientist
Computer Science,3.45,"Communication,Python",4,0,3,Software Engineer
Biology,2.88,"Leadership,Statistics",0,0,0,Data Scientist
Biology,2.53,"Leadership,Data Analysis",2,3,2,Consultant
Psychology,3.65,"Project Management,Communication,Statistics,Java",2,6,3,Software Engineer
Engineering,3.14,"Communication,Data Analysis,Leadership",3,8,3,Data Scientist
Mathematics,3.26,"Leadership,Design,Java",4,8,2,Consultant
Engineering,3.05,"Communication,Python,Design,Data Analysis",4,8,2,Data Scientist
Biology,3.02,"Python,Data Analysis,Communication",0,3,2,ML Engineer
Psychology,2.56,"Project Management,Leadership,Design",2,1,3,Product Manager
Biology,2.83,"Design,Project Management",0,6,1,Software Engineer
Business,3.59,"Python,Leadership,Project Management",0,4,1,Software Engineer
Computer Science,2.54,"Statistics,Leadership,Python",4,5,2,Software Engineer
Computer Science,3.91,"Python,Java",4,1,1,Software Engineer
Engineering,3.1,"Data Analysis,Leadership,Communication",0,2,2,Product Manager
Business,3.96,"Statistics,Project Management,Leadership,Java,Data Analysis",1,0,3,Software Engineer
Business,2.9,"Leadership,Project Management,Statistics",3,4,3,Data Scientist
Business,2.72,"Leadership,Python,Project Management,Communication,Java",0,0,3,Software Engineer
Biology,2.48,"Java,Python",1,0,0,Software Engineer
Computer Science,3.97,"Java,Design,Statistics,Leadership,Project Management",2,9,0,Software Engineer
Computer Science,3.69,"Communication,Python,Java,Project Management",0,1,2,Software Engineer
Mathematics,3.59,"Java,Communication,Data Analysis,Design,Python",4,4,1,Data Scientist
Biology,2.02,"Java,Communication,Leadership,Project Management",1,2,3,Software Engineer
Computer Science,3.12,"Java,Project Management",2,5,1,Software Engineer
Engineering,2.67,"Project Management,Design",2,0,2,UX Researcher
Psychology,3.91,"Statistics,Communication",4,3,3,Data Scientist
Mathematics,3.12,"Leadership,Data Analysis",3,0,0,Consultant
Psychology,2.75,"Leadership,Communication,Java,Design,Statistics",3,9,1,Software Engineer
Computer Science,2.94,"Communication,Design",2,2,2,UX Researcher
Engineering,2.54,"Design,Java,Python",0,4,0,Product Manager
Computer Science,3.05,"Project Management,Python,Statistics",2,9,0,Software Engineer
Biology,3.35,"Project Management,Communication,Java",2,7,3,Software Engineer
Biology,2.97,"Data Analysis,Project Management,Leadership",3,9,1,Product Manager
Computer Science,3.86,"Design,Data Analysis",2,5,2,UX Researcher
Engineering,2.82,"Data Analysis,Leadership,Project Management,Statistics,Python",1,1,3,Data Scientist
Psychology,2.84,"Leadership,Communication,Data Analysis",1,7,0,Product Manager
Mathematics,3.49,"Data Analysis,Project Management,Python,Java",0,7,1,ML Engineer
Psychology,2.26,"Python,Data Analysis",0,0,2,ML Engineer
Mathematics,3.06,"Python,Project Management,Design",1,9,1,Software Engineer
Business,3.61,"Design,Statistics,Leadership,Communication,Python",1,1,0,Software Engineer
Psychology,2.45,"Project Management,Data Analysis,Communication",3,7,0,UX Researcher
Biology,2.44,"Leadership,Design,Java",4,0,2,Software Engineer
Engineering,3.49,"Data Analysis,Statistics",3,1,2,UX Researcher
Mathematics,3.13,"Python,Design",0,9,2,Software Engineer
Engineering,3.72,"Design,Communication",2,8,0,UX Researcher
Biology,3.04,"Design,Java,Leadership,Data Analysis",1,8,3,Software Engineer
Computer Science,2.32,"Data Analysis,Communication,Project Management",3,3,0,Data Scientist
Mathematics,3.74,"Python,Leadership,Java",4,1,1,Software Engineer
Business,2.85,"Data Analysis,Leadership",0,1,3,Data Scientist
Mathematics,2.67,"Java,Design,Data Analysis,Communication,Statistics",3,6,3,Software Engineer
Computer Science,3.05,"Leadership,Python",2,0,2,ML Engineer
Mathematics,2.63,"Leadership,Java",4,0,3,Software Engineer
Business,3.72,"Python,Project Management",1,1,1,Software Engineer
Business,2.25,"Python,Data Analysis",4,1,2,Data Scientist
Mathematics,2.58,"Design,Data Analysis,Communication,Project Management,Statistics",0,2,2,UX Researcher
Psychology,3.02,"Project Management,Statistics,Leadership",0,5,2,Data Scientist
Biology,3.98,"Leadership,Design,Communication,Data Analysis",1,8,3,Product Manager
Mathematics,2.63,"Java,Design,Statistics",4,5,1,Software Engineer
Business,2.36,"Statistics,Data Analysis,Design",1,6,3,UX Researcher
Business,2.01,"Project Management,Java,Data Analysis",2,8,2,Software Engineer
Psychology,2.77,"Project Management,Data Analysis,Communication",0,2,3,UX Researcher
Engineering,2.53,"Project Management,Leadership,Data Analysis,Java",4,4,3,Software Engineer
Engineering,3.3,"Leadership,Python,Java",3,4,3,Software Engineer
Psychology,3.1,"Design,Data Analysis",1,6,3,UX Researcher
Engineering,2.89,"Python,Data Analysis",4,9,0,ML Engineer
Psychology,2.14,"Communication,Project Management",1,0,3,Product Manager
Engineering,2.94,"Communication,Java,Statistics,Python,Leadership",2,0,2,Software Engineer
Biology,3.91,"Data Analysis,Design,Project Management,Leadership",3,9,1,UX Researcher
Biology,2.83,"Design,Statistics,Java",0,2,1,Software Engineer
Computer Science,3.87,"Statistics,Communication,Design",4,3,0,UX Researcher
Biology,3.39,"Leadership,Statistics,Data Analysis",0,6,2,Data Scientist
Computer Science,2.37,"Java,Design",2,4,2,Software Engineer
Psychology,2.5,"Leadership,Statistics",4,8,0,Data Scientist
Engineering,3.79,"Leadership,Project Management",4,7,2,ML Engineer
Psychology,3.97,"Design,Leadership",4,1,1,UX Researcher
Mathematics,3.73,"Statistics,Java",1,8,2,Software Engineer
Computer Science,3.59,"Java,Communication",0,5,1,Software Engineer
Computer Science,2.91,"Leadership,Design,Data Analysis",3,7,2,UX Researcher
Engineering,2.78,"Leadership,Statistics,Design",4,9,0,UX Researcher
Computer Science,3.11,"Python,Data Analysis",2,7,0,ML Engineer
Business,2.17,"Design,Java,Data Analysis,Leadership,Project Management",1,4,1,Software Engineer
Biology,2.55,"Python,Design,Java",3,6,1,Software Engineer
Business,3.76,"Project Management,Python,Statistics,Java",4,3,0,UX Researcher
Computer Science,2.02,"Python,Data Analysis",2,9,1,Data Scientist
Computer Science,2.96,"Python,Project Management,Leadership",1,8,0,Software Engineer
Computer Science,2.25,"Design,Project Management,Statistics,Java",4,4,0,Software Engineer
Engineering,2.21,"Communication,Python,Statistics,Project Management",3,8,0,Software Engineer
Biology,2.82,"Java,Project Management,Design,Communication,Python",2,5,1,Software Engineer
Mathematics,2.97,"Python,Communication,Design,Java,Statistics",1,7,1,Software Engineer
Business,2.65,"Design,Project Management,Java,Python,Data Analysis",2,1,0,Data Scientist
Engineering,2.23,"Java,Communication,Statistics",2,7,1,Data Scientist
Business,2.17,"Java,Project Management",2,3,1,Data Scientist
Computer Science,3.74,"Java,Leadership",4,8,0,Product Manager
Computer Science,3.95,"Statistics,Project Management",1,3,0,Data Scientist
Engineering,2.02,"Leadership,Design",3,8,2,UX Researcher
Biology,3.32,"Leadership,Python,Data Analysis,Statistics",2,6,2,Data Scientist
Psychology,3.71,"Python,Communication",0,3,3,Software Engineer
Mathematics,2.89,"Statistics,Communication,Project Management,Java",4,1,3,Software Engineer
Business,2.64,"Data Analysis,Communication,Python,Leadership,Design",4,0,0,ML Engineer
Business,2.21,"Java,Data Analysis,Communication,Statistics,Design",0,4,3,Software Engineer
Computer Science,2.13,"Communication,Design",2,1,1,UX Researcher
Computer Science,2.86,"Data Analysis,Design,Java,Project Management,Communication",2,8,1,Software Engineer
Business,2.3,"Design,Leadership,Project Management",1,0,3,Consultant
Psychology,3.06,"Python,Project Management",4,9,2,Software Engineer
Biology,3.15,"Design,Java,Communication,Project Management,Statistics",4,9,3,Software Engineer
Engineering,2.39,"Project Management,Python",0,2,0,Software Engineer
Mathematics,3.41,"Communication,Java,Statistics,Project Management",0,3,2,ML Engineer
Business,2.39,"Java,Design,Data Analysis",1,0,3,Software Engineer
Mathematics,3.71,"Python,Project Management,Statistics,Communication",1,8,0,Software Engineer
Engineering,2.73,"Communication,Leadership",1,6,1,Product Manager
Engineering,2.57,"Design,Statistics,Java",3,4,2,Software Engineer
Computer Science,3.79,"Communication,Leadership,Project Management",4,3,2,Product Manager
Business,2.67,"Leadership,Design",0,4,2,UX Researcher
Business,3.73,"Project Management,Statistics,Data Analysis,Design",3,9,3,UX Researcher
Engineering,3.11,"Project Management,Statistics,Leadership,Design",1,0,2,UX Researcher
Business,2.42,"Java,Communication,Project Management,Design,Leadership",0,3,0,Data Scientist
Psychology,2.9,"Java,Communication,Statistics",3,4,0,Software Engineer
Mathematics,3.79,"Java,Communication,Statistics",3,2,0,Consultant
Engineering,3.99,"Communication,Leadership,Project Management",0,6,2,Product Manager
Computer Science,2.58,"Communication,Data Analysis",1,8,2,ML Engineer
Business,2.11,"Statistics,Project Management",4,7,2,Consultant
Mathematics,2.67,"Data Analysis,Statistics,Project Management",4,7,2,Data Scientist
Business,3.94,"Data Analysis,Communication",1,0,0,UX Researcher
Mathematics,2.05,"Data Analysis,Leadership,Python,Design",0,2,3,Data Scientist
Engineering,3.92,"Communication,Project Management,Statistics",0,1,2,Data Scientist
Mathematics,2.24,"Communication,Project Management,Java,Statistics",0,8,0,Product Manager
Biology,2.84,"Data Analysis,Project Management",3,3,2,Product Manager
Psychology,3.71,"Java,Communication",3,5,3,Software Engineer
Biology,3.33,"Design,Java,Project Management,Data Analysis,Communication",3,5,1,Software Engineer
Psychology,3.24,"Project Management,Leadership",2,3,0,Product Manager
Computer Science,3.35,"Data Analysis,Design,Java,Statistics",2,0,0,Software Engineer
Computer Science,3.68,"Communication,Leadership,Data Analysis,Design",4,7,2,Product Manager
Business,2.56,"Design,Communication,Python,Project Management,Leadership",1,8,2,Software Engineer
Biology,3.61,"Statistics,Java,Design",3,0,0,Software Engineer
Mathematics,3.72,"Leadership,Java",1,7,3,Software Engineer
Business,3.8,"Design,Project Management,Java,Statistics",2,4,1,Consultant
Business,3.25,"Project Management,Statistics,Communication,Leadership",4,5,3,Product Manager
Biology,2.4,"Project Management,Python",4,7,2,Software Engineer
Psychology,3.43,"Communication,Design",4,4,0,UX Researcher
Biology,2.55,"Design,Communication,Python,Data Analysis,Project Management",4,7,2,ML Engineer
Business,3.5,"Design,Java",2,7,2,Software Engineer
Business,3.49,"Project Management,Data Analysis",2,2,3,Software Engineer
Engineering,2.83,"Java,Data Analysis,Leadership",4,6,1,Software Engineer
Psychology,2.68,"Statistics,Java,Project Management",3,5,1,Software Engineer
Mathematics,2.29,"Communication,Statistics,Data Analysis",3,2,0,Data Scientist
Biology,3.13,"Java,Leadership,Communication",3,7,1,Software Engineer
Computer Science,3.62,"Communication,Python,Data Analysis,Java,Project Management",3,7,1,Data Scientist
Business,3.61,"Data Analysis,Leadership,Communication,Design",1,0,3,Product Manager
Computer Science,3.63,"Project Management,Data Analysis,Leadership,Statistics",0,1,1,Data Scientist
Mathematics,2.78,"Data Analysis,Design,Project Management,Communication,Java",2,8,0,Software Engineer
Biology,2.94,"Project Management,Design,Communication",2,4,2,UX Researcher
Mathematics,3.04,"Project Management,Java,Data Analysis",2,5,0,Software Engineer
Computer Science,2.78,"Statistics,Leadership",0,2,3,Software Engineer
Psychology,2.37,"Communication,Data Analysis",3,4,0,UX Researcher
Business,2.51,"Leadership,Design,Project Management,Communication",0,7,2,Product Manager
Psychology,3.25,"Design,Communication,Project Management,Python",1,5,0,UX Researcher
Engineering,2.37,"Design,Leadership,Data Analysis,Java,Statistics",4,0,2,Software Engineer
Biology,3.68,"Communication,Leadership,Statistics",2,1,3,Product Manager
Engineering,3.73,"Data Analysis,Project Management,Design",3,7,2,UX Researcher
Business,3.14,"Communication,Statistics,Java,Project Management",1,7,3,Software Engineer
Psychology,3.95,"Leadership,Design,Statistics",2,6,0,UX Researcher
Computer Science,3.07,"Project Management,Data Analysis,Statistics",1,9,0,Data Scientist
Engineering,2.21,"Communication,Leadership,Python",0,8,2,Software Engineer
Psychology,3.42,"Java,Design,Data Analysis,Project Management",3,2,1,Software Engineer
Engineering,2.54,"Java,Leadership",3,7,1,Software Engineer
Computer Science,3.36,"Design,Communication",4,3,1,UX Researcher
Psychology,3.94,"Java,Leadership,Design",1,4,2,Software Engineer
Psychology,3.64,"Java,Project Management",4,5,2,Software Engineer
Business,3.3,"Leadership,Data Analysis",1,6,2,ML Engineer
Engineering,2.13,"Python,Leadership,Communication,Project Management",2,9,1,ML Engineer
Psychology,3.96,"Data Analysis,Python,Statistics,Java,Design",1,2,1,Data Scientist
Mathematics,2.32,"Project Management,Statistics,Communication,Design",0,9,0,UX Researcher
Mathematics,2.42,"Design,Statistics,Python,Project Management",4,5,3,Software Engineer
Computer Science,3.37,"Project Management,Statistics",2,2,3,Data Scientist
Business,2.21,"Communication,Design,Statistics",0,6,3,UX Researcher
Psychology,2.51,"Communication,Project Management,Leadership,Design,Python",3,2,3,Software Engineer
Business,3.61,"Statistics,Python,Data Analysis",3,9,0,Data Scientist
Business,3.65,"Project Management,Python",1,8,0,ML Engineer
Biology,3.55,"Project Management,Python,Leadership,Communication,Data Analysis",0,9,1,ML Engineer
Computer Science,2.2,"Leadership,Design,Java,Project Management",2,8,0,UX Researcher
Mathematics,3.55,"Statistics,Project Management,Data Analysis,Java",3,3,3,Product Manager
Mathematics,3.93,"Statistics,Leadership",1,1,0,Data Scientist
Mathematics,2.66,"Leadership,Python",1,8,2,Software Engineer
Psychology,2.43,"Leadership,Java,Statistics,Design,Project Management",1,3,1,UX Researcher
Biology,3.12,"Design,Statistics,Python",0,3,2,Software Engineer
Psychology,2.78,"Design,Leadership,Python,Project Management,Java",3,1,1,Software Engineer
Biology,2.25,"Leadership,Design,Statistics",0,2,3,UX Researcher
Business,3.98,"Leadership,Java",4,9,0,Product Manager
Business,3.56,"Data Analysis,Python,Java",2,3,0,ML Engineer
Business,3.75,"Design,Python",4,9,1,Software Engineer
Engineering,2.64,"Python,Design",2,3,2,Software Engineer
Psychology,2.25,"Communication,Design,Python",0,8,0,Software Engineer
Biology,2.1,"Communication,Project Management,Java,Python",2,6,2,Software Engineer
Biology,3.96,"Design,Java",0,2,0,UX Researcher
Computer Science,3.05,"Python,Statistics",0,1,0,Software Engineer
Business,2.76,"Design,Python,Java,Communication,Data Analysis",2,0,1,Data Scientist
Business,2.51,"Design,Communication,Leadership,Data Analysis,Java",3,6,3,ML Engineer
Psychology,3.46,"Project Management,Leadership,Python,Design,Statistics",4,9,0,Software Engineer
Mathematics,3.8,"Leadership,Design",2,5,3,UX Researcher
Mathematics,3.05,"Statistics,Communication",3,5,1,Data Scientist
Business,3.35,"Project Management,Communication,Python,Data Analysis,Statistics",4,2,2,Data Scientist
Psychology,3.96,"Leadership,Data Analysis,Project Management",0,7,2,Software Engineer
Mathematics,2.17,"Python,Statistics,Leadership,Project Management",3,3,0,Software Engineer
Psychology,2.68,"Project Management,Design,Communication",1,2,3,UX Researcher
Computer Science,3.22,"Project Management,Statistics,Communication",3,9,1,Data Scientist
Mathematics,3.94,"Data Analysis,Statistics,Java",4,7,1,Software Engineer
Computer Science,2.04,"Data Analysis,Java,Project Management",2,2,3,Software Engineer
Engineering,3.23,"Python,Communication,Data Analysis,Design",3,6,2,ML Engineer
Psychology,2.12,"Data Analysis,Communication,Leadership,Java,Project Management",4,2,0,Software Engineer
Psychology,3.12,"Communication,Data Analysis,Python,Java,Leadership",1,1,0,Product Manager
Computer Science,2.93,"Python,Project Management",4,0,2,Software Engineer
Biology,2.07,"Design,Project Management,Python,Statistics",0,5,2,Software Engineer
Mathematics,2.94,"Data Analysis,Design,Java,Leadership",4,3,1,Software Engineer
Computer Science,3.58,"Communication,Java,Project Management",0,1,2,Software Engineer
Business,2.34,"Design,Leadership,Communication,Python",2,6,3,Software Engineer
Psychology,3.34,"Statistics,Design,Java,Data Analysis,Communication",4,5,3,UX Researcher
Engineering,3.58,"Java,Python,Statistics,Project Management",4,5,1,Software Engineer
Mathematics,3.08,"Data Analysis,Statistics,Java,Python",3,5,2,Product Manager
Engineering,2.27,"Project Management,Java,Leadership,Design,Python",3,9,2,Software Engineer
Business,2.62,"Communication,Java,Project Management,Design",2,4,3,Software Engineer
Psychology,2.49,"Python,Java,Leadership,Design",2,4,0,Software Engineer
Computer Science,2.52,"Data Analysis,Leadership,Java,Communication,Statistics",0,2,2,Software Engineer
Business,2.76,"Design,Communication",2,4,1,UX Researcher
Engineering,3.22,"Data Analysis,Leadership,Project Management,Java",2,9,1,Software Engineer
Mathematics,2.31,"Project Management,Java",4,4,2,Software Engineer
Computer Science,2.46,"Java,Data Analysis,Design,Statistics,Python",2,0,3,Data Scientist
Computer Science,2.34,"Statistics,Design",2,5,0,UX Researcher
Psychology,3.83,"Project Management,Statistics",4,8,0,UX Researcher
Mathematics,2.33,"Python,Communication,Data Analysis,Java,Project Management",1,7,0,Data Scientist
Mathematics,3.27,"Java,Communication,Project Management,Design",0,9,2,Software Engineer
Biology,3.78,"Leadership,Data Analysis,Project Management,Design,Statistics",2,7,2,UX Researcher
Psychology,3.61,"Design,Java,Data Analysis,Python",0,4,2,Data Scientist
Business,3.19,"Java,Design,Data Analysis,Communication",4,8,3,Software Engineer
Engineering,3.08,"Project Management,Java,Python",0,5,1,Software Engineer
Business,2.56,"Communication,Statistics,Python",3,9,1,Software Engineer
Computer Science,2.21,"Design,Data Analysis,Communication,Leadership",2,2,3,Product Manager
Psychology,3.2,"Java,Statistics",0,5,0,Software Engineer
Business,2.99,"Data Analysis,Leadership,Project Management",2,8,3,Software Engineer
Computer Science,2.84,"Statistics,Communication",3,9,2,Data Scientist
Biology,2.32,"Leadership,Java",3,1,3,Software Engineer
Psychology,2.52,"Communication,Project Management,Statistics,Python,Leadership",4,2,2,Software Engineer
Engineering,2.91,"Leadership,Design,Python,Communication",4,3,0,Software Engineer
Computer Science,2.9,"Leadership,Data Analysis",3,2,1,UX Researcher
Business,2.74,"Data Analysis,Statistics",2,5,2,Data Scientist
Psychology,3.86,"Project Management,Python,Communication",1,2,3,Software Engineer
Psychology,3.09,"Leadership,Design,Python,Communication",2,4,2,Software Engineer
Mathematics,3.97,"Project Management,Leadership,Data Analysis,Communication,Java",4,6,1,Software Engineer
Business,3.32,"Statistics,Design,Python,Leadership,Project Management",2,6,3,UX Researcher
Engineering,2.92,"Communication,Data Analysis",4,5,1,Product Manager
Business,3.01,"Statistics,Python,Communication",3,4,3,Software Engineer
Computer Science,3.37,"Java,Design,Data Analysis",0,3,3,Software Engineer
Psychology,2.85,"Leadership,Design,Statistics,Data Analysis",1,8,2,UX Researcher
Mathematics,2.58,"Communication,Leadership,Data Analysis,Python",0,3,3,Data Scientist
Engineering,3.22,"Statistics,Leadership",2,3,1,Data Scientist
Computer Science,2.84,"Project Management,Java,Python,Data Analysis",1,5,0,ML Engineer
Biology,3.08,"Python,Java,Design,Project Management",4,9,0,Software Engineer
Biology,2.68,"Leadership,Data Analysis,Project Management",2,7,2,ML Engineer
Mathematics,2.23,"Statistics,Data Analysis,Project Management",1,0,1,Data Scientist
Engineering,2.99,"Data Analysis,Python,Leadership",0,7,1,Data Scientist
Engineering,2.07,"Leadership,Java,Data Analysis,Statistics,Design",2,6,0,Software Engineer
Biology,2.25,"Python,Leadership,Data Analysis,Communication,Java",4,5,3,Data Scientist
Psychology,3.31,"Data Analysis,Communication,Statistics",0,8,3,Data Scientist
Psychology,2.48,"Python,Statistics",0,4,1,Consultant
Mathematics,2.06,"Python,Java",0,6,2,Software Engineer
Biology,3.23,"Java,Statistics,Python",1,2,2,Software Engineer
Business,2.01,"Communication,Python,Project Management,Leadership",4,0,0,Software Engineer
Computer Science,3.83,"Leadership,Design,Data Analysis,Python",3,1,2,ML Engineer
Psychology,2.28,"Communication,Java",4,3,3,Software Engineer
Engineering,3.74,"Data Analysis,Design",1,7,1,UX Researcher
Computer Science,3.95,"Java,Design,Project Management,Statistics,Communication",2,4,0,Software Engineer
Biology,3.44,"Leadership,Communication,Java",2,3,2,Software Engineer
Biology,3.22,"Design,Statistics,Data Analysis",3,8,2,UX Researcher
Mathematics,3.73,"Data Analysis,Design,Python",4,6,3,ML Engineer
Mathematics,2.65,"Python,Communication,Statistics",2,8,2,Software Engineer
Computer Science,3.55,"Communication,Java",4,0,1,Software Engineer
Psychology,2.34,"Java,Statistics,Python,Data Analysis,Leadership",0,8,3,ML Engineer
Psychology,3.39,"Design,Statistics,Project Management",4,2,3,UX Researcher
Psychology,2.59,"Data Analysis,Java,Design,Communication,Python",1,4,1,Data Scientist
Computer Science,3.7,"Java,Leadership,Data Analysis",0,5,3,Software Engineer
Computer Science,3.32,"Project Management,Communication",2,6,1,Product Manager
Psychology,2.97,"Leadership,Design,Communication,Statistics,Python",4,6,1,Software Engineer
Business,2.73,"Data Analysis,Python",4,9,0,Data Scientist
Biology,2.85,"Project Management,Design,Leadership,Statistics,Java",3,9,1,Product Manager
Business,3.68,"Data Analysis,Design,Communication,Java,Leadership",2,6,2,UX Researcher
Biology,2.51,"Project Management,Leadership",2,4,2,Consultant
Business,3.57,"Communication,Java,Data Analysis,Leadership",4,1,2,Software Engineer
Business,3.47,"Java,Python",3,1,0,Software Engineer
Mathematics,3.74,"Project Management,Statistics,Leadership,Java,Communication",2,6,1,Software Engineer
Business,3.86,"Communication,Java",4,6,2,Software Engineer
Computer Science,3.25,"Python,Java,Leadership,Statistics,Project Management",1,0,2,Software Engineer
Biology,3.92,"Statistics,Design,Leadership",4,6,1,UX Researcher
Biology,3.17,"Python,Communication,Design,Data Analysis",3,9,1,Data Scientist
Mathematics,3.47,"Data Analysis,Java,Communication,Leadership",1,6,0,Software Engineer
Business,2.27,"Statistics,Design",4,8,0,UX Researcher
Business,3.82,"Java,Leadership,Statistics",1,0,2,Software Engineer
Computer Science,2.26,"Project Management,Python,Data Analysis,Java,Communication",4,3,2,Data Scientist
Mathematics,2.01,"Data Analysis,Communication",2,4,0,UX Researcher
Psychology,3.11,"Statistics,Leadership,Java",2,0,1,UX Researcher
Biology,3.75,"Statistics,Communication,Design",2,2,3,UX Researcher
Business,3.88,"Python,Leadership",2,2,1,Software Engineer
Mathematics,3.27,"Project Management,Design,Java",2,5,3,Software Engineer
Computer Science,2.24,"Python,Design,Leadership,Java",3,4,3,Software Engineer
Mathematics,3.68,"Statistics,Project Management,Python,Data Analysis",4,4,1,Data Scientist
Psychology,3.43,"Statistics,Python,Project Management,Java",2,8,3,Software Engineer
Mathematics,3.01,"Project Management,Communication,Design,Leadership",1,1,1,Product Manager
Biology,3.44,"Data Analysis,Leadership",4,8,3,Data Scientist
Mathematics,3.22,"Data Analysis,Leadership,Design,Python,Statistics",1,0,0,Data Scientist
Mathematics,3.75,"Java,Project Management,Leadership",4,7,3,Software Engineer
Business,2.99,"Design,Java,Project Management",2,0,0,ML Engineer
Engineering,3.61,"Design,Python",1,4,1,Software Engineer
Biology,3.88,"Design,Leadership,Communication",0,4,0,Product Manager
Psychology,3.95,"Java,Statistics,Python",0,8,3,Software Engineer
Engineering,3.21,"Statistics,Java,Design,Communication,Data Analysis",0,9,3,Software Engineer
Computer Science,3.67,"Leadership,Project Management,Communication,Data Analysis,Statistics",0,5,0,Product Manager
Psychology,2.14,"Python,Data Analysis,Project Management",3,6,3,ML Engineer
Psychology,2.15,"Leadership,Project Management,Python",0,2,2,Software Engineer
Business,2.09,"Communication,Python,Statistics,Design",4,4,2,Software Engineer
Engineering,3.27,"Leadership,Java,Statistics,Communication",2,9,2,Software Engineer
Psychology,2.02,"Project Management,Data Analysis,Communication,Leadership",3,8,1,Product Manager
Computer Science,2.12,"Python,Design,Communication,Java",4,6,0,Software Engineer
Business,3.17,"Java,Statistics",3,9,3,Software Engineer
Business,3.85,"Design,Java,Leadership,Communication",4,3,3,Software Engineer
Biology,3.43,"Leadership,Statistics,Data Analysis",0,9,1,Data Scientist
Psychology,3.59,"Leadership,Java,Python,Communication,Data Analysis",1,8,2,ML Engineer
Business,3.37,"Leadership,Data Analysis",2,3,0,ML Engineer
Biology,3.45,"Leadership,Java,Statistics,Project Management,Data Analysis",2,0,0,Software Engineer
Business,2.22,"Design,Statistics,Data Analysis,Project Management,Leadership",0,6,3,UX Researcher
Psychology,3.0,"Design,Python,Java,Data Analysis,Communication",0,6,1,ML Engineer
Mathematics,2.19,"Statistics,Data Analysis,Java",1,0,1,Software Engineer
Psychology,3.09,"Design,Data Analysis",3,9,0,UX Researcher
Computer Science,2.43,"Statistics,Design,Python,Project Management,Data Analysis",3,1,0,Data Scientist
Business,3.87,"Java,Project Management",0,6,3,Software Engineer
Engineering,2.42,"Leadership,Python,Data Analysis,Design",1,9,3,ML Engineer
Engineering,2.68,"Data Analysis,Statistics,Communication",3,9,0,Data Scientist
Business,3.67,"Data Analysis,Project Management,Design,Java,Leadership",3,9,0,Software Engineer
Psychology,2.99,"Communication,Design,Project Management,Leadership",3,5,1,Product Manager
Computer Science,2.5,"Project Management,Communication,Statistics,Python",4,1,1,Software Engineer
Engineering,2.81,"Python,Data Analysis,Statistics",1,0,1,Data Scientist
Business,2.13,"Design,Java,Statistics",4,5,1,Software Engineer
Computer Science,3.55,"Python,Design,Leadership",0,7,0,Product Manager
Engineering,3.97,"Communication,Project Management",4,2,3,Software Engineer
Engineering,3.13,"Leadership,Java,Statistics,Communication",2,4,1,Software Engineer
Engineering,3.83,"Python,Communication,Design",1,2,3,Software Engineer
Business,2.19,"Statistics,Project Management,Communication,Python",4,4,0,Software Engineer
Psychology,2.5,"Communication,Project Management,Data Analysis",2,1,1,ML Engineer
Psychology,2.53,"Leadership,Communication",3,5,0,Product Manager
Biology,3.4,"Project Management,Python",3,6,3,Software Engineer
Mathematics,2.05,"Python,Project Management",1,2,0,Software Engineer
Computer Science,2.22,"Communication,Python,Data Analysis,Design",3,3,2,Data Scientist
Computer Science,2.4,"Python,Design,Project Management,Java,Leadership",3,0,1,Software Engineer
Mathematics,2.28,"Data Analysis,Communication,Leadership",4,2,3,Product Manager
Computer Science,3.44,"Data Analysis,Statistics,Python",4,9,3,ML Engineer
Biology,2.26,"Design,Python,Java,Leadership,Project Management",2,1,3,Software Engineer
Mathematics,3.24,"Java,Python,Data Analysis,Leadership",4,9,3,ML Engineer
Mathematics,3.86,"Python,Design,Project Management,Data Analysis,Statistics",2,3,1,Data Scientist
Computer Science,2.14,"Communication,Java",0,1,2,Software Engineer
Biology,3.51,"Communication,Leadership,Design,Statistics",2,7,2,Product Manager
Business,3.08,"Java,Statistics,Python,Design",3,8,1,Software Engineer
Computer Science,3.08,"Java,Design,Project Management,Statistics,Data Analysis",0,8,3,Software Engineer
Business,2.08,"Java,Data Analysis",2,3,0,Software Engineer
Biology,3.94,"Project Management,Leadership,Data Analysis",1,3,1,Product Manager
Biology,2.06,"Design,Statistics,Project Management,Python,Communication",3,9,3,Software Engineer
Mathematics,3.5,"Python,Java,Project Management",1,8,3,Software Engineer
Business,2.82,"Data Analysis,Project Management,Statistics,Design",4,0,3,UX Researcher
Biology,2.24,"Leadership,Project Management,Python,Design,Communication",3,0,0,Software Engineer
Engineering,2.01,"Communication,Leadership,Data Analysis,Project Management,Java",4,1,3,Software Engineer
Biology,2.8,"Data Analysis,Statistics",0,4,1,Data Scientist
Mathematics,2.58,"Leadership,Project Management,Design,Data Analysis",1,6,0,UX Researcher
Engineering,3.44,"Statistics,Project Management,Data Analysis",4,9,2,Data Scientist
Mathematics,2.4,"Statistics,Leadership,Python,Design,Project Management",4,8,1,Software Engineer
Mathematics,3.49,"Project Management,Leadership",2,9,0,Consultant
Biology,2.06,"Leadership,Communication,Project Management,Java,Data Analysis",1,5,3,Software Engineer
Engineering,3.82,"Java,Data Analysis,Design,Communication,Python",0,9,2,Data Scientist
Computer Science,3.67,"Statistics,Leadership,Java,Data Analysis",3,6,2,Software Engineer
Computer Science,3.35,"Data Analysis,Java,Statistics,Communication",3,7,3,Software Engineer
Mathematics,2.27,"Leadership,Project Management,Design",2,9,3,UX Researcher
Psychology,2.64,"Java,Design,Data Analysis",1,0,2,Software Engineer
Business,2.0,"Project Management,Python,Design,Data Analysis,Java",4,1,2,Data Scientist
Computer Science,2.89,"Communication,Python,Statistics,Design,Leadership",2,3,3,Software Engineer
Psychology,2.88,"Communication,Leadership",1,5,3,Product Manager
Biology,3.8,"Data Analysis,Design,Project Management",2,2,2,UX Researcher
Biology,3.29,"Design,Leadership,Java,Statistics,Project Management",1,7,1,Software Engineer
Mathematics,2.2,"Python,Statistics,Design",2,8,0,Product Manager
Biology,2.54,"Statistics,Design",3,2,2,UX Researcher
Psychology,3.13,"Statistics,Java,Data Analysis,Project Management,Communication",1,7,2,Software Engineer
Mathematics,2.0,"Java,Design,Project Management,Statistics,Leadership",4,3,3,Software Engineer
Business,2.9,"Project Management,Statistics,Communication,Leadership,Python",3,6,0,Software Engineer
Engineering,2.3,"Data Analysis,Python",2,4,1,ML Engineer
Biology,2.26,"Project Management,Statistics,Python,Leadership",1,8,3,Software Engineer
Biology,2.83,"Leadership,Statistics,Project Management",3,8,2,Data Scientist
Computer Science,2.83,"Leadership,Data Analysis,Java,Design",1,7,0,Software Engineer
Biology,3.41,"Project Management,Design,Java",0,2,1,Software Engineer
Engineering,3.25,"Leadership,Design,Project Management",3,1,0,UX Researcher
Biology,3.44,"Data Analysis,Python,Communication,Project Management",3,6,1,Data Scientist
Psychology,2.25,"Statistics,Leadership,Data Analysis,Java,Project Management",1,5,3,UX Researcher
Mathematics,3.25,"Leadership,Design,Python",3,4,1,Software Engineer
Mathematics,2.56,"Design,Python,Data Analysis,Java,Statistics",0,8,2,Data Scientist
Psychology,2.82,"Leadership,Java,Design",0,1,3,Software Engineer
Computer Science,2.95,"Communication,Python,Design",1,2,3,Software Engineer
Psychology,2.5,"Python,Java,Design",0,8,0,Software Engineer
Computer Science,2.04,"Java,Design,Statistics,Python,Project Management",2,2,2,Software Engineer
Engineering,3.2,"Statistics,Design,Python,Project Management,Leadership",2,6,2,Software Engineer
Mathematics,3.01,"Communication,Python",4,4,3,Software Engineer
Business,2.58,"Project Management,Python,Java",4,1,0,Software Engineer
Business,2.39,"Java,Python,Data Analysis,Statistics,Design",2,2,1,ML Engineer
Mathematics,2.67,"Design,Leadership",2,3,2,UX Researcher
Computer Science,2.32,"Communication,Project Management",4,9,1,UX Researcher
Biology,3.0,"Leadership,Java,Project Management,Design",0,0,2,Software Engineer
Engineering,3.91,"Project Management,Data Analysis",2,9,2,ML Engineer
Computer Science,3.84,"Project Management,Leadership,Statistics",3,9,1,Data Scientist
Computer Science,3.5,"Design,Communication",2,5,2,UX Researcher
Psychology,2.71,"Leadership,Project Management",2,7,2,Product Manager
Business,2.52,"Statistics,Project Management,Leadership",1,1,0,Software Engineer
Mathematics,3.42,"Statistics,Design,Python,Data Analysis",4,5,0,Software Engineer
Biology,2.4,"Communication,Statistics,Leadership,Data Analysis",3,9,0,Product Manager
Business,2.08,"Project Management,Design,Data Analysis,Leadership,Communication",1,8,1,Product Manager
Psychology,3.81,"Leadership,Data Analysis,Python",3,7,0,Data Scientist
Biology,3.31,"Python,Java,Statistics,Leadership,Data Analysis",0,0,1,Data Scientist
Biology,2.68,"Design,Data Analysis,Statistics,Java,Python",3,2,2,Data Scientist
Mathematics,2.49,"Design,Leadership,Statistics,Project Management",0,4,2,UX Researcher
Biology,2.29,"Data Analysis,Statistics",3,3,1,Data Scientist
Computer Science,2.8,"Java,Leadership,Data Analysis,Statistics,Communication",0,1,2,Software Engineer
Psychology,3.18,"Java,Data Analysis,Leadership",3,3,3,Software Engineer
Mathematics,3.4,"Design,Python,Leadership",2,3,1,Software Engineer
Computer Science,2.59,"Design,Leadership",3,8,1,UX Researcher
Business,3.32,"Design,Python,Leadership,Communication,Statistics",1,5,2,Data Scientist
Biology,3.43,"Leadership,Data Analysis,Communication,Java",2,6,0,Software Engineer
Business,2.92,"Java,Data Analysis",4,4,1,Software Engineer
Biology,3.39,"Project Management,Design,Communication,Leadership,Java",0,2,1,Software Engineer
Engineering,3.82,"Java,Leadership,Design",2,6,0,Software Engineer
Mathematics,2.1,"Data Analysis,Leadership,Python,Design",1,9,2,Data Scientist
Mathematics,3.42,"Communication,Python,Data Analysis,Design",0,3,2,Data Scientist
Psychology,3.53,"Communication,Data Analysis",4,8,2,Software Engineer
Computer Science,3.09,"Design,Python,Project Management,Statistics,Data Analysis",1,2,2,Data Scientist
Biology,2.06,"Leadership,Data Analysis",4,0,0,ML Engineer
Psychology,2.21,"Data Analysis,Java,Leadership,Design",2,4,2,Software Engineer
Engineering,2.32,"Python,Java,Statistics,Leadership",3,6,2,Software Engineer
Computer Science,2.62,"Python,Statistics,Leadership,Design,Project Management",4,8,0,Software Engineer
Mathematics,3.86,"Python,Leadership,Communication,Design,Data Analysis",3,4,3,Consultant
Psychology,2.25,"Data Analysis,Design,Leadership,Java,Project Management",4,4,1,Software Engineer
Mathematics,3.79,"Java,Leadership,Python,Data Analysis,Communication",1,8,0,ML Engineer
Psychology,2.37,"Data Analysis,Python,Design,Statistics,Leadership",0,1,2,ML Engineer
Biology,2.05,"Java,Communication,Python",4,3,0,UX Researcher
Psychology,2.27,"Leadership,Python",1,0,3,Software Engineer
Biology,2.42,"Communication,Data Analysis,Python",2,8,3,Data Scientist
Mathematics,2.97,"Data Analysis,Design",2,8,1,Product Manager
Business,2.72,"Project Management,Java,Design",1,9,1,Software Engineer
Business,3.46,"Statistics,Communication,Project Management",0,5,2,Data Scientist
Computer Science,2.43,"Project Management,Java",3,6,3,Software Engineer
Computer Science,2.03,"Leadership,Data Analysis",0,1,3,UX Researcher
Business,2.26,"Python,Java,Data Analysis,Communication",0,3,1,Data Scientist
Computer Science,3.96,"Communication,Statistics,Python,Project Management,Java",1,6,2,Software Engineer
Business,3.52,"Java,Leadership,Data Analysis",1,9,0,Software Engineer
Psychology,3.78,"Statistics,Design,Python,Data Analysis",0,3,2,UX Researcher
Engineering,3.6,"Java,Statistics",4,3,0,Software Engineer
Mathematics,3.31,"Statistics,Data Analysis,Java",1,9,3,Software Engineer
Computer Science,3.5,"Java,Statistics,Communication",4,4,0,Software Engineer
Mathematics,2.5,"Communication,Data Analysis,Java,Design,Leadership",1,8,3,Software Engineer
Mathematics,2.0,"Statistics,Data Analysis,Java,Python",1,2,0,ML Engineer
Business,3.27,"Project Management,Statistics",0,4,3,Data Scientist
Mathematics,2.39,"Statistics,Data Analysis,Java",4,5,3,Software Engineer
Business,3.19,"Leadership,Python,Project Management,Design",1,3,0,Software Engineer
Computer Science,2.24,"Java,Communication,Python",3,9,1,Software Engineer
Engineering,3.91,"Statistics,Data Analysis,Leadership",4,8,1,Data Scientist
Biology,2.4,"Project Management,Python,Communication,Design",4,3,3,Software Engineer
Business,3.05,"Data Analysis,Python",1,8,1,ML Engineer
Mathematics,3.11,"Project Management,Leadership",0,7,0,Data Scientist
Computer Science,2.39,"Communication,Python,Data Analysis",3,1,1,ML Engineer
Mathematics,3.09,"Statistics,Project Management,Python",3,5,3,Software Engineer
Engineering,3.39,"Statistics,Data Analysis,Leadership,Design",4,1,1,UX Researcher
Psychology,2.31,"Statistics,Leadership",1,6,3,Data Scientist
Biology,2.6,"Java,Project Management",2,7,0,Data Scientist
Engineering,2.15,"Data Analysis,Python,Leadership",1,1,2,Data Scientist
Computer Science,2.21,"Communication,Project Management,Statistics,Leadership",2,7,3,Product Manager
Mathematics,2.38,"Data Analysis,Project Management",4,8,2,Data Scientist
Engineering,3.65,"Python,Communication,Statistics,Leadership",0,3,3,Software Engineer
Engineering,3.72,"Python,Data Analysis,Project Management,Communication",4,2,0,Data Scientist
Biology,2.76,"Data Analysis,Python,Leadership,Statistics,Communication",0,5,2,Data Scientist
Business,2.9,"Python,Project Management,Leadership",0,4,3,Software Engineer
Business,2.6,"Leadership,Design,Statistics,Python,Java",4,2,2,Software Engineer
Psychology,3.19,"Python,Java,Communication,Design",2,2,0,Software Engineer
Business,3.01,"Python,Design,Communication,Leadership",2,1,0,Software Engineer
Business,3.35,"Project Management,Communication,Design",4,9,0,Data Scientist
Psychology,3.81,"Design,Project Management,Python,Communication,Java",0,0,1,Software Engineer
Psychology,2.55,"Project Management,Python,Design,Statistics",3,5,1,Software Engineer
Psychology,2.14,"Project Management,Statistics,Python",0,8,3,Software Engineer
Biology,2.81,"Statistics,Data Analysis,Project Management,Communication,Design",1,9,1,UX Researcher
Computer Science,3.87,"Data Analysis,Leadership",4,1,1,Software Engineer
Biology,2.45,"Python,Statistics",1,3,1,Software Engineer
Computer Science,3.49,"Design,Java",0,6,1,Software Engineer
Engineering,3.12,"Data Analysis,Java,Design,Communication,Project Management",2,2,3,Software Engineer
Mathematics,3.46,"Statistics,Leadership,Java,Data Analysis",4,2,2,Software Engineer
Business,3.8,"Design,Leadership,Statistics,Communication,Python",3,8,3,UX Researcher
Computer Science,3.06,"Java,Python,Design,Data Analysis,Statistics",3,2,0,ML Engineer
Computer Science,2.8,"Leadership,Statistics,Data Analysis",1,5,1,Data Scientist
Mathematics,2.62,"Leadership,Data Analysis,Design,Python",4,6,3,Data Scientist
Engineering,3.72,"Project Management,Java,Statistics,Design",2,4,2,Software Engineer
Business,3.33,"Python,Leadership",0,4,2,Software Engineer
Business,3.69,"Python,Data Analysis,Design,Leadership,Java",3,5,3,ML Engineer
Engineering,2.4,"Project Management,Python,Data Analysis,Communication,Java",1,5,2,ML Engineer
Psychology,2.7,"Java,Project Management,Data Analysis,Statistics,Design",1,7,2,Software Engineer
Psychology,2.78,"Communication,Project Management,Statistics",0,5,0,Data Scientist
Business,3.32,"Design,Java",4,1,3,Product Manager
Computer Science,2.85,"Python,Project Management,Data Analysis",1,7,2,Data Scientist
Business,2.6,"Java,Python",4,5,1,Software Engineer
Biology,2.46,"Java,Leadership",2,4,0,Software Engineer
Biology,3.7,"Java,Communication",4,0,0,Software Engineer
Computer Science,2.8,"Statistics,Java,Leadership",3,6,3,Software Engineer
Biology,3.27,"Python,Project Management,Data Analysis,Communication,Java",2,6,2,ML Engineer
Biology,2.14,"Python,Project Management,Java",3,1,1,Software Engineer
Biology,2.45,"Communication,Python",0,8,0,Software Engineer
Biology,2.43,"Python,Statistics,Leadership,Data Analysis,Project Management",0,9,0,Data Scientist
Mathematics,3.6,"Project Management,Design,Python,Communication,Data Analysis",2,0,3,Data Scientist
Computer Science,3.54,"Data Analysis,Project Management",1,2,2,Product Manager
Biology,2.14,"Java,Project Management,Statistics",0,1,1,Software Engineer
Engineering,3.18,"Python,Leadership,Project Management,Design",2,0,2,Consultant
Computer Science,2.35,"Design,Project Management,Data Analysis",2,7,3,UX Researcher
Engineering,3.84,"Communication,Python,Data Analysis,Leadership",2,2,2,Data Scientist
Computer Science,2.7,"Data Analysis,Communication,Python",3,3,0,UX Researcher
Psychology,3.74,"Statistics,Design,Communication",1,4,0,UX Researcher
Psychology,3.2,"Leadership,Communication,Design",4,5,2,Product Manager
Business,3.38,"Data Analysis,Communication,Statistics,Design,Java",3,4,1,Software Engineer
Biology,3.78,"Python,Data Analysis",0,0,0,Data Scientist
Computer Science,2.75,"Design,Project Management,Python",2,3,1,Software Engineer
Computer Science,3.18,"Java,Data Analysis,Python,Design",4,1,0,ML Engineer
Business,2.66,"Project Management,Communication,Java",2,0,1,Software Engineer
Engineering,3.79,"Communication,Statistics",0,4,3,UX Researcher
Psychology,2.46,"Statistics,Project Management,Design,Data Analysis,Communication",0,9,2,UX Researcher
Mathematics,3.37,"Project Management,Leadership,Python,Statistics,Communication",3,9,3,Software Engineer
Computer Science,3.45,"Design,Java,Data Analysis",4,7,2,Data Scientist
Psychology,2.5,"Design,Data Analysis,Statistics",0,1,0,UX Researcher
Business,2.7,"Design,Statistics,Communication",4,0,0,UX Researcher
Psychology,3.76,"Communication,Data Analysis,Leadership",2,6,1,Product Manager
Mathematics,3.48,"Java,Design,Python,Project Management,Leadership",1,3,2,Software Engineer
Business,3.43,"Communication,Statistics,Project Management",4,1,0,Data Scientist
Biology,2.71,"Design,Leadership,Data Analysis,Python,Project Management",1,0,3,Data Scientist
Engineering,2.24,"Design,Data Analysis,Java",0,4,1,Software Engineer
Psychology,2.24,"Project Management,Communication,Java,Design",3,9,2,Software Engineer
Mathematics,3.62,"Leadership,Project Management,Java,Design",1,8,0,UX Researcher
Biology,3.62,"Communication,Python,Statistics,Data Analysis,Leadership",3,3,2,ML Engineer
Mathematics,2.64,"Project Management,Statistics,Java,Data Analysis",0,5,2,Software Engineer
Engineering,2.11,"Statistics,Java,Design,Project Management",2,4,2,Data Scientist
Mathematics,3.6,"Leadership,Python,Project Management,Communication,Java",0,8,3,Software Engineer
Business,2.23,"Leadership,Data Analysis",1,6,3,Product Manager
Biology,2.76,"Statistics,Data Analysis,Project Management,Java,Leadership",2,7,1,Software Engineer
Business,2.81,"Communication,Design,Leadership,Statistics,Project Management",1,3,0,Product Manager
Computer Science,4.0,"Leadership,Java",2,9,0,Software Engineer
Psychology,2.71,"Statistics,Java,Design,Leadership",0,8,2,Software Engineer
Computer Science,2.79,"Leadership,Communication,Java",0,1,1,Software Engineer
Computer Science,3.5,"Project Management,Statistics",3,9,0,Data Scientist
Mathematics,3.54,"Java,Statistics,Design",2,4,3,Software Engineer
Biology,3.11,"Python,Data Analysis,Project Management,Communication",0,1,1,ML Engineer
Biology,3.12,"Statistics,Communication,Java,Data Analysis",4,4,3,Software Engineer
Business,3.73,"Leadership,Design,Data Analysis,Python",4,9,0,Data Scientist
Psychology,2.81,"Design,Statistics",3,8,3,Product Manager
Psychology,2.88,"Java,Statistics",1,6,3,Software Engineer
Psychology,2.07,"Java,Project Management,Statistics,Data Analysis,Design",1,5,2,Software Engineer
Business,3.02,"Python,Java",0,2,0,Software Engineer
Engineering,2.02,"Python,Statistics",1,4,3,Software Engineer
Business,2.77,"Java,Data Analysis,Statistics,Communication",3,0,3,Software Engineer
Biology,3.28,"Java,Statistics",0,9,1,Software Engineer
Psychology,3.56,"Data Analysis,Python,Java,Communication,Leadership",4,2,2,Data Scientist
Psychology,3.93,"Python,Java,Data Analysis,Leadership",4,7,0,Data Scientist
Psychology,2.18,"Java,Statistics,Project Management,Python,Leadership",1,7,2,Software Engineer
Biology,2.08,"Python,Data Analysis,Communication",1,6,2,ML Engineer
Mathematics,2.35,"Leadership,Project Management,Data Analysis,Communication,Statistics",2,3,2,Product Manager
Biology,3.85,"Python,Design,Data Analysis,Communication,Java",4,7,3,Data Scientist
Biology,3.52,"Communication,Design",4,1,0,UX Researcher
Psychology,2.91,"Statistics,Project Management",0,0,1,Data Scientist
Computer Science,2.43,"Java,Project Management",0,3,3,Software Engineer
Business,2.8,"Java,Communication",4,2,3,UX Researcher
Business,3.38,"Data Analysis,Python,Project Management,Communication",2,2,2,ML Engineer
Mathematics,2.2,"Design,Java,Python",1,1,3,Software Engineer
Mathematics,4.0,"Communication,Python,Data Analysis,Project Management,Leadership",0,3,1,Software Engineer
Biology,2.04,"Project Management,Communication,Design,Leadership,Python",2,4,3,Software Engineer
Mathematics,2.19,"Project Management,Leadership,Statistics",3,3,2,Data Scientist
Engineering,2.54,"Statistics,Data Analysis,Python,Communication,Java",2,4,1,ML Engineer
Business,3.91,"Project Management,Leadership,Design,Python,Data Analysis",0,3,2,Data Scientist
Psychology,2.2,"Data Analysis,Project Management",0,3,2,Product Manager
Business,2.9,"Java,Data Analysis",3,7,1,Software Engineer
Psychology,3.94,"Java,Project Management,Statistics,Data Analysis",4,1,0,Software Engineer
Biology,3.75,"Leadership,Data Analysis,Project Management,Communication",2,4,0,Product Manager
Engineering,2.21,"Design,Leadership",4,0,1,UX Researcher
Business,3.7,"Communication,Leadership",1,4,0,Product Manager
Biology,2.12,"Communication,Python,Leadership,Project Management,Design",0,4,2,Software Engineer
Engineering,2.48,"Leadership,Data Analysis,Python,Communication",2,2,1,Data Scientist
Engineering,3.62,"Python,Communication",3,8,1,Software Engineer
Engineering,2.81,"Communication,Statistics,Python,Leadership,Project Management",1,2,0,Software Engineer
Computer Science,2.86,"Project Management,Leadership,Communication,Statistics,Python",2,6,2,Software Engineer
Psychology,3.45,"Design,Communication,Data Analysis",1,7,1,UX Researcher
Psychology,3.25,"Communication,Data Analysis",2,4,1,Product Manager
Engineering,2.69,"Design,Leadership,Statistics,Data Analysis",3,1,0,UX Researcher
Business,2.6,"Statistics,Project Management,Leadership,Data Analysis,Python",0,3,1,ML Engineer
Biology,3.99,"Leadership,Python",4,0,2,Software Engineer
Business,3.85,"Python,Design,Java",3,8,1,Software Engineer
Computer Science,2.23,"Project Management,Leadership,Statistics,Python",2,8,0,Software Engineer
Psychology,3.34,"Communication,Design",0,7,0,UX Researcher
Biology,2.86,"Leadership,Java",1,6,2,Software Engineer
Business,3.17,"Design,Leadership,Project Management",4,5,0,UX Researcher
Biology,2.72,"Communication,Leadership,Data Analysis",3,2,1,Product Manager
Computer Science,2.21,"Project Management,Communication,Java,Python,Data Analysis",0,2,2,ML Engineer
Psychology,2.12,"Communication,Data Analysis",3,3,1,ML Engineer
Mathematics,3.36,"Data Analysis,Java,Communication,Statistics,Design",0,6,2,Data Scientist
Engineering,2.47,"Python,Project Management,Communication,Leadership",0,9,0,Software Engineer
Business,3.36,"Data Analysis,Leadership",2,0,2,UX Researcher
Computer Science,3.7,"Statistics,Java",0,3,1,Software Engineer
Mathematics,2.67,"Statistics,Data Analysis,Design,Leadership,Python",0,6,0,Data Scientist
Engineering,3.56,"Statistics,Data Analysis,Java,Communication",3,6,2,Software Engineer
Psychology,3.27,"Project Management,Statistics,Leadership,Python",1,1,2,Software Engineer
Biology,3.85,"Statistics,Project Management,Design",0,7,2,UX Researcher
Business,3.98,"Python,Data Analysis,Java,Leadership,Statistics",0,5,1,Data Scientist
Business,3.25,"Leadership,Communication,Python,Design,Statistics",1,2,2,ML Engineer
Engineering,3.18,"Python,Leadership,Project Management,Java",0,3,0,Software Engineer
Biology,3.36,"Java,Python,Data Analysis",2,6,0,Data Scientist
Computer Science,3.93,"Python,Project Management",4,6,0,Data Scientist
Biology,3.91,"Leadership,Design,Statistics,Project Management",4,8,3,UX Researcher
Engineering,3.89,"Statistics,Leadership,Design,Communication",3,8,1,Product Manager
Computer Science,2.45,"Python,Design",1,8,3,Software Engineer
Biology,2.86,"Design,Leadership,Java,Data Analysis,Statistics",0,8,0,Software Engineer
Engineering,2.1,"Java,Project Management",1,3,2,Software Engineer
Mathematics,3.8,"Design,Leadership,Statistics,Data Analysis",0,0,0,UX Researcher
Psychology,3.36,"Communication,Design",0,6,3,UX Researcher
Computer Science,2.01,"Project Management,Communication,Design",1,1,3,UX Researcher
Engineering,2.09,"Java,Python",3,3,1,Data Scientist
Computer Science,2.2,"Leadership,Data Analysis,Communication,Design",4,4,0,Product Manager
Engineering,3.14,"Design,Statistics,Data Analysis",1,4,3,UX Researcher
Computer Science,2.5,"Data Analysis,Python,Design,Leadership,Java",1,9,3,ML Engineer
Computer Science,2.01,"Python,Data Analysis",3,1,3,Data Scientist
Computer Science,2.94,"Communication,Java,Project Management",2,5,2,Software Engineer
Biology,2.7,"Design,Leadership,Data Analysis,Java",4,1,0,Software Engineer
Psychology,2.8,"Python,Data Analysis,Leadership,Communication",3,2,3,Data Scientist
Business,2.45,"Python,Statistics",3,1,0,Software Engineer
Mathematics,3.64,"Java,Design,Python,Leadership",1,5,3,Product Manager
Mathematics,2.5,"Statistics,Communication,Design",2,6,0,UX Researcher
Mathematics,2.85,"Communication,Java,Project Management,Statistics,Data Analysis",4,1,3,Software Engineer
Biology,2.65,"Data Analysis,Java,Design",2,3,0,Software Engineer
Mathematics,2.51,"Python,Design,Communication,Java,Project Management",1,4,0,Software Engineer
Computer Science,2.94,"Java,Design,Data Analysis,Leadership",4,3,2,Software Engineer
Business,3.37,"Project Management,Python",4,0,2,Software Engineer
Biology,3.56,"Communication,Java,Statistics",2,8,2,Software Engineer
Engineering,3.14,"Communication,Design,Java",2,4,3,Software Engineer
Engineering,3.9,"Python,Communication,Design,Statistics",1,1,0,Software Engineer
Biology,2.88,"Design,Java,Leadership,Statistics",3,3,3,Software Engineer
Engineering,3.21,"Java,Python",0,9,0,Software Engineer
Biology,3.65,"Data Analysis,Project Management",3,7,2,UX Researcher
Biology,2.08,"Design,Communication,Data Analysis",1,3,3,UX Researcher
Mathematics,2.43,"Communication,Data Analysis,Java,Design",1,3,3,Software Engineer
Biology,2.69,"Python,Data Analysis,Design,Communication",3,8,2,Data Scientist
Business,2.47,"Statistics,Project Management,Data Analysis,Design",4,5,3,UX Researcher
Engineering,3.52,"Statistics,Design,Data Analysis",0,4,3,UX Researcher
Psychology,3.44,"Communication,Data Analysis,Python,Project Management,Java",4,5,2,Data Scientist
Engineering,2.35,"Python,Leadership,Design",3,8,0,Software Engineer
Computer Science,2.5,"Design,Statistics",2,9,3,UX Researcher
Biology,2.28,"Python,Communication,Statistics",1,9,1,Software Engineer
Engineering,2.11,"Project Management,Data Analysis,Design,Leadership,Python",3,8,0,Data Scientist
Business,3.66,"Python,Statistics,Communication,Leadership,Design",0,2,1,Software Engineer
Business,3.47,"Python,Java",4,0,1,Software Engineer
Biology,2.5,"Java,Leadership,Data Analysis,Python,Communication",0,0,3,ML Engineer
Psychology,3.67,"Project Management,Data Analysis,Python,Communication,Statistics",3,2,0,Data Scientist
Psychology,2.55,"Statistics,Leadership,Java,Data Analysis",0,2,0,Software Engineer
Biology,2.94,"Communication,Python,Data Analysis",4,7,1,Data Scientist
Psychology,2.04,"Project Management,Communication",1,5,0,Software Engineer
Biology,3.91,"Java,Communication",3,2,1,Software Engineer
Computer Science,3.39,"Python,Communication",2,5,0,Software Engineer
Business,2.2,"Java,Project Management,Design,Communication,Data Analysis",3,0,1,Software Engineer
Biology,3.23,"Leadership,Java,Data Analysis,Project Management,Statistics",1,5,1,Software Engineer
Psychology,2.22,"Python,Java,Project Management,Design",2,1,2,Software Engineer
Psychology,3.05,"Design,Java",0,4,0,Software Engineer
Business,3.08,"Java,Leadership,Design",2,0,2,ML Engineer
Mathematics,3.04,"Java,Statistics,Python,Project Management",2,8,0,Software Engineer
Business,3.93,"Java,Data Analysis,Design,Project Management",1,1,3,Software Engineer
Business,3.73,"Leadership,Project Management,Data Analysis,Design",0,1,3,UX Researcher
Computer Science,3.32,"Python,Leadership,Project Management",1,0,3,Software Engineer
Psychology,2.02,"Data Analysis,Leadership",4,8,3,Data Scientist
Biology,2.65,"Project Management,Data Analysis,Leadership,Statistics,Design",2,2,2,UX Researcher
Mathematics,3.74,"Python,Communication,Data Analysis",3,2,3,Data Scientist
Computer Science,2.9,"Python,Design,Leadership,Data Analysis,Java",2,4,1,Data Scientist
Biology,2.57,"Java,Leadership,Design,Data Analysis",4,1,3,Software Engineer
Engineering,3.21,"Java,Statistics,Data Analysis",1,7,0,UX Researcher
Biology,4.0,"Data Analysis,Python,Statistics,Design,Communication",2,6,2,ML Engineer
Mathematics,3.63,"Data Analysis,Java,Communication,Statistics,Python",2,0,1,ML Engineer
Biology,2.89,"Leadership,Data Analysis,Project Management",3,2,1,Consultant
Biology,2.22,"Statistics,Leadership",3,9,3,Data Scientist
Business,3.58,"Communication,Python,Data Analysis,Leadership,Statistics",0,9,3,Data Scientist
Mathematics,3.69,"Data Analysis,Statistics,Java",3,4,1,Software Engineer
Business,3.91,"Python,Leadership,Statistics",1,1,2,Software Engineer
Business,2.52,"Java,Leadership,Communication,Data Analysis,Project Management",2,4,3,Software Engineer
Computer Science,3.09,"Java,Statistics,Data Analysis,Project Management",0,1,1,Consultant
Mathematics,3.86,"Python,Leadership,Communication,Design",2,3,0,Software Engineer
Business,2.58,"Communication,Statistics,Data Analysis,Design,Leadership",2,7,0,Product Manager
Computer Science,3.77,"Python,Statistics,Design",1,9,2,Software Engineer
Psychology,2.71,"Design,Python,Statistics",1,5,1,Software Engineer
Psychology,2.51,"Project Management,Java,Design,Python,Statistics",1,8,0,Software Engineer
Mathematics,2.92,"Design,Statistics,Python,Data Analysis,Leadership",4,9,0,ML Engineer
Mathematics,2.06,"Design,Project Management,Statistics",3,8,1,UX Researcher
Engineering,3.86,"Communication,Design,Leadership,Statistics",3,1,2,Product Manager
Psychology,2.4,"Communication,Data Analysis,Python",0,5,3,ML Engineer
Engineering,2.13,"Statistics,Communication,Java,Project Management",1,8,3,Software Engineer
Computer Science,3.85,"Design,Statistics,Java,Data Analysis",1,9,1,Software Engineer
Psychology,3.29,"Statistics,Leadership",4,9,1,Data Scientist
Psychology,3.18,"Communication,Java,Python",0,7,1,Software Engineer
Engineering,3.11,"Data Analysis,Project Management",4,4,0,Consultant
Engineering,2.79,"Communication,Leadership,Java",3,5,0,Software Engineer
Psychology,3.93,"Java,Communication",3,5,2,Software Engineer
Business,2.46,"Project Management,Python,Java,Leadership",3,9,2,Software Engineer
Computer Science,3.26,"Project Management,Leadership,Python",1,0,3,Software Engineer
Business,3.57,"Leadership,Java,Design",3,1,2,ML Engineer
Business,2.29,"Leadership,Statistics,Project Management",4,3,1,Data Scientist
Computer Science,2.47,"Communication,Data Analysis,Leadership,Java",4,0,1,Software Engineer
Psychology,2.63,"Python,Design,Leadership,Statistics",1,7,2,Software Engineer
Biology,2.65,"Project Management,Statistics,Design,Leadership,Data Analysis",4,9,3,Consultant
Psychology,3.28,"Project Management,Design,Communication,Leadership,Data Analysis",1,3,3,Product Manager
Mathematics,2.35,"Data Analysis,Project Management",4,7,2,Product Manager
Business,3.07,"Project Management,Leadership,Communication,Python,Design",0,6,2,Software Engineer
Business,2.19,"Communication,Java",3,3,1,Product Manager
Biology,3.03,"Design,Data Analysis",2,1,0,UX Researcher
Mathematics,3.46,"Leadership,Communication,Statistics,Design,Data Analysis",1,3,1,Product Manager
Engineering,2.49,"Statistics,Python,Project Management,Communication",0,9,0,ML Engineer
Computer Science,2.79,"Communication,Statistics",2,2,1,Data Scientist
Psychology,3.0,"Project Management,Statistics,Communication",0,3,0,Product Manager
Business,2.51,"Data Analysis,Project Management",4,5,1,ML Engineer
Business,2.49,"Leadership,Communication,Design,Data Analysis",1,5,0,Software Engineer
Business,2.32,"Project Management,Leadership,Statistics",3,9,2,Data Scientist
Business,2.13,"Java,Leadership,Data Analysis,Project Management",1,0,1,Software Engineer
Computer Science,2.01,"Java,Python,Data Analysis,Leadership",1,8,1,UX Researcher
Engineering,3.68,"Project Management,Data Analysis",4,1,0,ML Engineer
Mathematics,3.76,"Data Analysis,Design,Java,Python",3,1,0,ML Engineer
Business,2.52,"Project Management,Data Analysis",0,7,1,Software Engineer
Mathematics,2.76,"Statistics,Design,Communication",1,9,0,UX Researcher
Psychology,2.51,"Statistics,Design,Python,Communication",2,2,0,Software Engineer
Biology,2.64,"Data Analysis,Design,Project Management,Leadership,Communication",3,8,2,Product Manager
Computer Science,2.05,"Python,Statistics",2,1,1,Software Engineer
Computer Science,3.98,"Communication,Java,Leadership,Python",4,1,2,Software Engineer
Computer Science,2.07,"Python,Statistics",0,7,2,Software Engineer
Business,3.11,"Python,Leadership,Statistics",1,3,2,Software Engineer
Psychology,3.46,"Leadership,Project Management,Design",1,3,2,Data Scientist
Biology,3.88,"Project Management,Design",3,2,3,Software Engineer
Psychology,2.26,"Data Analysis,Communication,Project Management,Python",4,5,2,Data Scientist
Business,2.11,"Communication,Leadership,Statistics,Data Analysis",0,2,1,Product Manager
Mathematics,3.08,"Java,Leadership,Communication",3,2,3,Software Engineer
Business,2.13,"Statistics,Python",0,1,2,Software Engineer
Psychology,3.88,"Python,Project Management,Communication,Leadership,Design",2,7,2,Consultant
Psychology,2.31,"Python,Data Analysis,Project Management,Leadership",0,3,1,ML Engineer
Engineering,2.47,"Statistics,Project Management,Java,Leadership,Python",2,2,3,Software Engineer
Business,3.88,"Java,Leadership,Communication",4,4,2,Software Engineer
Engineering,2.85,"Statistics,Communication,Python,Java,Design",3,0,3,ML Engineer
Psychology,2.5,"Statistics,Design,Leadership,Communication",1,7,3,Product Manager
Psychology,4.0,"Project Management,Java,Communication",3,3,0,Software Engineer
Business,2.53,"Python,Communication",2,3,1,Software Engineer
Biology,3.44,"Project Management,Statistics,Design,Leadership,Communication",0,8,3,ML Engineer
Psychology,2.79,"Design,Communication,Leadership,Java,Python",1,9,1,Data Scientist
Business,2.57,"Communication,Statistics",1,5,1,Data Scientist
Psychology,3.78,"Leadership,Communication",1,4,1,Product Manager
Mathematics,2.93,"Data Analysis,Project Management,Leadership,Communication,Design",1,1,2,Product Manager
Biology,2.58,"Java,Project Management,Design,Python",2,5,2,Software Engineer
Business,3.12,"Statistics,Communication,Leadership,Java",4,8,0,Software Engineer
Engineering,3.57,"Project Management,Design,Leadership",4,5,3,Consultant
Mathematics,3.62,"Data Analysis,Communication,Java",2,0,1,Software Engineer
Biology,3.82,"Communication,Python,Leadership,Project Management",4,0,2,Software Engineer
Business,2.73,"Python,Statistics,Design,Java,Data Analysis",1,2,1,Data Scientist
Business,2.66,"Statistics,Communication",1,0,0,Data Scientist
Biology,3.72,"Java,Statistics,Python,Data Analysis,Communication",0,3,1,ML Engineer
Engineering,2.53,"Statistics,Leadership",1,7,1,Data Scientist
Biology,2.52,"Java,Communication",2,0,1,Software Engineer
Computer Science,3.26,"Python,Data Analysis,Design",1,1,1,ML Engineer
Biology,2.07,"Communication,Project Management,Data Analysis,Statistics,Leadership",1,7,3,Product Manager
Engineering,2.35,"Data Analysis,Python,Project Management,Leadership,Communication",4,1,2,ML Engineer
Psychology,3.95,"Project Management,Python,Design,Data Analysis,Communication",3,6,3,Data Scientist
Psychology,3.12,"Communication,Design,Leadership",0,2,3,Software Engineer
Business,2.32,"Design,Python,Data Analysis,Communication",4,6,2,ML Engineer
Engineering,2.32,"Design,Project Management,Leadership,Statistics,Communication",4,7,1,ML Engineer
Mathematics,3.6,"Statistics,Python,Design",0,5,1,Software Engineer
Mathematics,2.13,"Python,Statistics",3,6,3,Software Engineer
Biology,2.3,"Statistics,Data Analysis",4,0,1,Data Scientist
Psychology,3.11,"Design,Python",0,1,0,Software Engineer
Mathematics,3.03,"Leadership,Design,Statistics,Communication,Project Management",0,5,0,Product Manager
Psychology,2.22,"Statistics,Data Analysis",4,5,2,Data Scientist
Business,3.25,"Python,Java,Data Analysis",1,6,3,Data Scientist
Computer Science,3.23,"Statistics,Java,Design,Leadership",4,4,2,Software Engineer
Mathematics,3.3,"Project Management,Statistics,Data Analysis",2,0,0,Data Scientist
Computer Science,3.83,"Communication,Design,Data Analysis,Java",0,3,0,UX Researcher
Psychology,2.89,"Leadership,Java,Project Management",3,2,2,Software Engineer
Psychology,3.52,"Communication,Statistics,Data Analysis,Leadership",1,2,3,Product Manager
Business,3.38,"Java,Project Management,Communication,Leadership",4,5,2,Software Engineer
Mathematics,3.72,"Project Management,Data Analysis,Statistics,Python,Design",3,5,1,Data Scientist
Business,2.15,"Project Management,Java,Data Analysis,Communication",4,9,0,Software Engineer
Computer Science,2.53,"Python,Project Management",4,4,0,Software Engineer
Biology,3.17,"Leadership,Communication",0,9,2,Product Manager
Engineering,3.78,"Java,Data Analysis,Leadership",1,1,0,Software Engineer
Business,2.31,"Communication,Java",3,0,2,Software Engineer
Computer Science,2.77,"Communication,Statistics",0,0,3,Consultant
Business,3.93,"Statistics,Python",0,5,3,Software Engineer
Psychology,3.73,"Statistics,Data Analysis,Design,Project Management",3,2,1,UX Researcher
Computer Science,3.6,"Project Management,Python,Leadership,Communication",4,3,0,Software Engineer
Computer Science,2.08,"Leadership,Statistics,Data Analysis,Design,Communication",3,7,0,Product Manager
Business,3.4,"Design,Python,Leadership,Data Analysis,Project Management",4,1,2,ML Engineer
Mathematics,3.66,"Statistics,Project Management,Data Analysis,Java,Python",1,5,1,Data Scientist
Engineering,3.29,"Leadership,Data Analysis,Design,Python",4,3,1,Data Scientist
Biology,2.5,"Python,Statistics,Project Management",1,5,1,Software Engineer
Computer Science,3.02,"Python,Communication,Java",0,7,2,Software Engineer
Engineering,2.82,"Design,Leadership",1,9,2,UX Researcher
Psychology,2.19,"Communication,Leadership,Project Management",2,8,1,Product Manager
Mathematics,2.25,"Leadership,Project Management,Java,Python,Data Analysis",4,8,1,ML Engineer
Psychology,3.2,"Communication,Statistics,Data Analysis,Leadership,Java",3,2,3,ML Engineer
Psychology,3.25,"Project Management,Leadership,Data Analysis,Communication",2,2,3,Product Manager
Biology,2.47,"Data Analysis,Design",1,1,3,UX Researcher
Engineering,3.85,"Leadership,Python",3,2,1,Software Engineer
Biology,2.16,"Java,Design,Statistics,Project Management",3,0,2,Software Engineer
Engineering,3.75,"Communication,Project Management,Design,Leadership",2,4,0,Product Manager
Mathematics,3.79,"Project Management,Leadership,Statistics,Design",4,6,2,UX Researcher
Psychology,3.7,"Design,Leadership,Statistics,Project Management,Java",1,8,3,Software Engineer
Business,2.96,"Python,Statistics,Leadership,Java,Design",4,8,2,Software Engineer
Engineering,3.08,"Java,Python",2,0,3,Software Engineer
Psychology,2.84,"Leadership,Java",2,7,1,Software Engineer
Psychology,3.9,"Statistics,Communication,Data Analysis,Design",0,6,0,UX Researcher
Engineering,2.08,"Leadership,Communication,Data Analysis,Design",1,0,0,Product Manager
Business,3.41,"Project Management,Statistics,Leadership,Communication",4,7,2,Product Manager
Business,3.77,"Design,Data Analysis,Java,Project Management",2,3,2,Software Engineer
Business,2.07,"Data Analysis,Statistics",2,0,3,Data Scientist
Biology,3.19,"Statistics,Python,Design",0,2,1,Software Engineer
Biology,3.98,"Statistics,Python,Leadership",0,3,3,Software Engineer
Business,2.85,"Design,Statistics,Python,Project Management",4,1,3,Software Engineer
Engineering,3.69,"Statistics,Design,Leadership,Java",0,2,3,Software Engineer
Psychology,2.81,"Python,Communication,Java,Project Management,Statistics",1,1,2,Software Engineer
Psychology,2.98,"Design,Statistics,Project Management",2,8,0,UX Researcher
Engineering,2.61,"Java,Data Analysis,Leadership,Python",3,7,3,Data Scientist
Psychology,3.29,"Data Analysis,Statistics",4,1,3,Data Scientist
Psychology,3.36,"Java,Data Analysis,Leadership,Design",4,4,2,Software Engineer
Mathematics,3.24,"Communication,Leadership,Project Management",1,9,0,Product Manager
Psychology,3.41,"Python,Statistics,Data Analysis,Project Management",2,8,1,Data Scientist
Engineering,3.31,"Python,Statistics",1,5,0,Data Scientist
Engineering,3.91,"Java,Design,Communication,Statistics,Data Analysis",3,4,3,Software Engineer
Computer Science,3.27,"Communication,Project Management,Data Analysis",4,1,2,ML Engineer
Mathematics,3.17,"Statistics,Leadership,Java",3,9,2,Software Engineer
Business,3.61,"Data Analysis,Design",3,6,2,Software Engineer
Mathematics,3.43,"Python,Data Analysis",1,2,2,ML Engineer
Business,3.9,"Design,Communication,Python,Data Analysis,Leadership",0,4,3,Product Manager
Computer Science,3.26,"Leadership,Statistics",1,3,1,Data Scientist
Engineering,2.94,"Python,Java",0,4,0,Software Engineer
Mathematics,3.16,"Java,Project Management,Python,Communication,Leadership",0,0,2,Software Engineer
Business,2.46,"Communication,Java,Data Analysis,Statistics,Project Management",1,2,0,Software Engineer
Engineering,3.13,"Leadership,Project Management,Statistics,Design,Java",3,9,1,Software Engineer
Biology,3.1,"Statistics,Project Management,Communication,Data Analysis",0,7,1,Data Scientist
Engineering,3.78,"Data Analysis,Java,Statistics,Leadership,Communication",3,5,2,Software Engineer
Mathematics,2.26,"Communication,Python,Java",3,0,2,Data Scientist
Computer Science,3.18,"Design,Project Management,Java",3,2,2,Software Engineer
Business,2.23,"Statistics,Java",0,0,2,Software Engineer
Biology,3.93,"Communication,Leadership,Python,Statistics",2,9,3,Software Engineer
Biology,2.63,"Design,Java,Python,Data Analysis",0,7,1,ML Engineer
Mathematics,2.24,"Statistics,Data Analysis,Python,Java,Project Management",1,0,3,Data Scientist
Engineering,3.24,"Data Analysis,Communication,Project Management",4,8,1,UX Researcher
Mathematics,2.06,"Leadership,Data Analysis,Python,Java",2,3,0,Data Scientist
Engineering,2.41,"Communication,Statistics,Python,Leadership,Project Management",1,1,3,Software Engineer
Business,3.56,"Leadership,Python",2,7,1,Software Engineer
Engineering,2.1,"Python,Communication,Leadership,Statistics,Design",2,4,3,Software Engineer
Psychology,2.77,"Project Management,Python,Leadership",4,0,0,Software Engineer
Psychology,2.94,"Java,Leadership,Project Management",4,9,1,ML Engineer
Computer Science,3.79,"Python,Data Analysis,Java",0,4,3,ML Engineer
Business,2.22,"Project Management,Data Analysis,Python,Communication",0,1,0,Data Scientist
Biology,3.74,"Data Analysis,Project Management,Design",1,3,3,ML Engineer
Biology,3.1,"Java,Leadership,Statistics,Communication",3,5,3,Software Engineer
Business,3.45,"Data Analysis,Project Management,Communication,Java",3,5,0,Product Manager
Mathematics,3.1,"Project Management,Statistics,Python,Data Analysis",0,9,2,Data Scientist
Biology,3.66,"Design,Java,Project Management",2,2,0,Product Manager
Business,3.55,"Statistics,Project Management,Communication",0,3,2,Data Scientist
Psychology,2.45,"Data Analysis,Communication",0,1,3,ML Engineer
Mathematics,2.26,"Python,Java,Statistics",3,7,0,Software Engineer
Psychology,2.59,"Project Management,Java,Leadership",0,3,1,Software Engineer
Business,3.78,"Communication,Data Analysis",3,3,1,Consultant
Business,3.47,"Leadership,Java,Design",0,5,0,Software Engineer
Mathematics,2.43,"Leadership,Design,Java,Communication",0,7,1,Software Engineer
Mathematics,3.01,"Design,Leadership,Java",4,9,1,Software Engineer
Business,3.48,"Project Management,Design,Java",3,6,0,Software Engineer
Mathematics,2.05,"Project Management,Data Analysis,Leadership,Statistics",4,3,3,Data Scientist
Business,3.78,"Leadership,Java,Python,Design,Project Management",4,7,3,Software Engineer
Engineering,2.38,"Communication,Data Analysis,Design,Python,Leadership",3,5,3,Data Scientist
Business,2.58,"Python,Data Analysis",1,6,2,ML Engineer
Psychology,2.24,"Data Analysis,Statistics",4,6,3,Data Scientist
Psychology,2.53,"Python,Project Management,Data Analysis",4,8,1,Data Scientist
Mathematics,3.3,"Java,Python,Statistics",0,5,3,Software Engineer
Mathematics,2.88,"Data Analysis,Project Management,Python",4,4,1,Product Manager
Biology,3.22,"Project Management,Leadership,Python",4,5,2,Software Engineer
Engineering,3.68,"Design,Data Analysis,Java,Communication,Leadership",3,1,1,Software Engineer
Mathematics,2.72,"Python,Communication",2,3,0,Software Engineer
Computer Science,3.59,"Communication,Java",3,0,1,Software Engineer
Mathematics,3.3,"Python,Leadership,Data Analysis,Statistics",4,3,3,Data Scientist
Engineering,2.51,"Java,Communication,Data Analysis",3,2,1,Software Engineer
Psychology,2.06,"Java,Communication,Leadership,Design,Statistics",4,0,1,Software Engineer
Biology,3.09,"Data Analysis,Python",4,8,0,ML Engineer
Psychology,3.37,"Java,Communication",1,6,2,Software Engineer
Business,3.28,"Communication,Statistics,Project Management",2,6,1,Product Manager
Psychology,2.17,"Design,Python,Leadership",1,0,1,Software Engineer
Engineering,2.73,"Project Management,Data Analysis",1,8,0,UX Researcher
Psychology,2.45,"Python,Data Analysis,Leadership,Statistics,Project Management",0,4,0,ML Engineer
Psychology,2.24,"Python,Leadership,Data Analysis,Statistics,Project Management",1,7,2,ML Engineer
Biology,2.98,"Python,Java,Project Management,Design,Leadership",2,6,0,Software Engineer
Business,3.62,"Statistics,Design,Python",2,5,1,Software Engineer
Engineering,2.94,"Project Management,Data Analysis,Java",4,8,1,Software Engineer
Business,2.07,"Leadership,Data Analysis,Project Management,Communication,Python",2,6,2,ML Engineer
Computer Science,3.97,"Communication,Statistics,Python",2,9,1,Software Engineer
Business,2.23,"Java,Leadership,Statistics,Communication",3,5,2,ML Engineer
Biology,3.19,"Design,Statistics,Project Management",0,0,0,UX Researcher
Mathematics,2.67,"Data Analysis,Communication,Statistics,Python",4,2,0,Software Engineer
Biology,2.7,"Python,Leadership,Data Analysis,Statistics",4,6,3,Data Scientist
Psychology,3.55,"Leadership,Design,Data Analysis,Communication,Project Management",4,1,2,Product Manager
Engineering,3.96,"Java,Statistics,Project Management",4,3,2,Software Engineer
Biology,3.04,"Java,Design,Python,Communication",0,6,0,Software Engineer
Computer Science,2.18,"Design,Statistics",1,3,1,UX Researcher
Mathematics,3.28,"Project Management,Data Analysis",4,2,2,Product Manager
Mathematics,2.78,"Design,Leadership,Project Management,Python,Statistics",4,4,0,Software Engineer
Biology,2.95,"Project Management,Data Analysis,Java,Python",0,3,3,Data Scientist
Mathematics,3.52,"Python,Project Management",0,9,2,Software Engineer
Mathematics,3.66,"Project Management,Data Analysis,Statistics,Design,Communication",2,2,1,UX Researcher
Engineering,3.91,"Data Analysis,Leadership,Statistics,Communication",3,6,0,Data Scientist
Business,3.7,"Statistics,Communication,Design,Leadership",0,4,1,Product Manager
Computer Science,4.0,"Project Management,Java",3,3,0,Software Engineer
Mathematics,3.25,"Java,Project Management,Design,Leadership",0,3,0,Software Engineer
Business,2.87,"Communication,Design,Project Management",1,0,3,UX Researcher
Engineering,2.06,"Leadership,Java,Design",1,0,3,Data Scientist
Computer Science,3.11,"Project Management,Leadership,Data Analysis,Java",1,8,0,Software Engineer
Computer Science,2.93,"Java,Leadership,Project Management",3,6,3,Software Engineer
Engineering,2.55,"Python,Statistics,Communication,Data Analysis",0,9,1,ML Engineer
Biology,3.53,"Leadership,Project Management",3,8,2,Product Manager
Biology,2.53,"Java,Statistics,Communication,Python",1,7,3,Software Engineer
Mathematics,2.08,"Project Management,Communication",3,8,0,Software Engineer
Engineering,3.81,"Java,Project Management",4,4,3,Software Engineer
Psychology,2.85,"Communication,Statistics,Design",2,0,1,UX Researcher
Business,3.31,"Leadership,Project Management,Design,Communication,Data Analysis",0,9,0,Product Manager
Biology,3.38,"Leadership,Project Management,Design,Java",1,5,2,Software Engineer
Biology,3.42,"Python,Design,Statistics,Leadership,Project Management",0,0,2,ML Engineer
Computer Science,3.74,"Leadership,Java,Project Management,Design,Statistics",3,5,3,Software Engineer
Computer Science,2.65,"Python,Project Management,Statistics,Design",1,7,0,Software Engineer
Computer Science,2.39,"Data Analysis,Leadership,Communication,Design",3,6,0,Product Manager
Business,3.8,"Design,Data Analysis,Java",3,9,1,Software Engineer
Engineering,3.47,"Design,Statistics,Java,Project Management,Python",0,1,0,Software Engineer
Biology,3.44,"Leadership,Project Management,Design",0,8,2,UX Researcher
Psychology,3.24,"Java,Data Analysis",0,8,1,Software Engineer
Biology,3.77,"Design,Project Management",0,5,3,UX Researcher
Computer Science,3.28,"Project Management,Statistics,Java,Leadership,Communication",3,1,2,Software Engineer
Psychology,3.42,"Statistics,Project Management",1,2,3,Data Scientist
Psychology,3.58,"Project Management,Design,Statistics,Python,Communication",1,7,0,Software Engineer
Psychology,3.49,"Statistics,Communication,Data Analysis,Java",1,5,2,Software Engineer
Engineering,3.88,"Leadership,Java,Design",4,6,2,ML Engineer
Psychology,2.44,"Project Management,Data Analysis",2,8,2,Product Manager
Biology,3.75,"Communication,Statistics,Java,Python",0,7,2,Software Engineer
Biology,3.0,"Data Analysis,Communication,Project Management",4,5,2,UX Researcher
Business,2.79,"Python,Design",0,8,1,Software Engineer
Engineering,2.26,"Python,Communication",2,9,3,Software Engineer
Business,2.42,"Design,Project Management,Communication,Data Analysis,Python",4,6,3,ML Engineer
Mathematics,3.74,"Python,Project Management",2,8,1,Software Engineer
Business,3.61,"Design,Python",2,5,3,Software Engineer
Psychology,2.93,"Project Management,Python",1,0,2,UX Researcher
Psychology,3.79,"Communication,Java,Design",2,4,3,Software Engineer
Computer Science,2.47,"Communication,Python,Design,Leadership,Java",4,6,3,Software Engineer
Computer Science,2.75,"Communication,Leadership",1,0,1,Product Manager
Business,3.23,"Java,Data Analysis,Communication,Leadership",2,7,0,Software Engineer
Business,2.64,"Python,Leadership,Communication,Java,Design",4,2,3,Software Engineer
Engineering,3.1,"Python,Leadership",1,5,2,Software Engineer
Mathematics,2.6,"Communication,Leadership,Statistics",2,5,2,Product Manager
Mathematics,2.47,"Java,Data Analysis,Python,Project Management",1,3,3,ML Engineer
Biology,2.14,"Java,Communication",3,0,2,Software Engineer
Psychology,3.52,"Project Management,Communication,Leadership",4,5,0,Product Manager
Business,2.86,"Python,Statistics,Leadership",4,4,0,Software Engineer
Business,2.44,"Java,Leadership",0,2,3,Software Engineer
Psychology,2.91,"Leadership,Data Analysis,Communication",0,3,1,Consultant
Engineering,3.31,"Statistics,Python",0,7,2,Software Engineer
Business,2.47,"Python,Data Analysis,Statistics,Communication",0,8,2,ML Engineer
Engineering,3.92,"Leadership,Design,Data Analysis,Project Management,Communication",4,2,3,Product Manager
Biology,2.26,"Project Management,Data Analysis",2,1,2,Consultant
Psychology,3.64,"Project Management,Statistics",3,0,0,Data Scientist
Business,2.76,"Leadership,Design",4,3,1,UX Researcher
Mathematics,2.52,"Statistics,Data Analysis",4,2,2,Data Scientist
Computer Science,2.99,"Leadership,Design",3,7,0,UX Researcher
Engineering,2.08,"Data Analysis,Leadership,Design,Project Management",0,1,1,UX Researcher
Psychology,2.28,"Design,Statistics,Data Analysis",1,2,1,UX Researcher
Computer Science,3.13,"Data Analysis,Python,Statistics",3,5,1,Data Scientist
Psychology,2.02,"Java,Design",3,0,2,Software Engineer
Biology,2.41,"Project Management,Statistics",2,7,1,Data Scientist
Mathematics,2.55,"Statistics,Data Analysis,Python,Leadership,Communication",3,9,1,Data Scientist
Psychology,2.39,"Data Analysis,Design,Project Management,Communication,Statistics",3,6,3,UX Researcher
Psychology,2.21,"Python,Java,Project Management",4,3,0,Software Engineer
Mathematics,3.86,"Data Analysis,Java,Communication,Python,Statistics",0,9,2,Data Scientist
Engineering,2.65,"Statistics,Project Management,Communication",0,4,3,Data Scientist
Business,3.76,"Python,Design,Communication,Java,Project Management",1,5,1,Software Engineer
Biology,3.87,"Java,Project Management",3,8,2,Software Engineer
Biology,2.42,"Design,Data Analysis,Leadership,Project Management,Python",1,9,1,Data Scientist
Mathematics,3.54,"Python,Leadership",3,9,3,Software Engineer
Psychology,3.4,"Python,Data Analysis",0,5,0,Software Engineer
Mathematics,3.05,"Data Analysis,Communication,Python,Java",2,8,2,Data Scientist
Psychology,3.88,"Java,Leadership,Communication,Design,Project Management",2,3,0,UX Researcher
Business,2.06,"Python,Project Management,Communication,Design,Data Analysis",0,2,1,ML Engineer
Biology,2.42,"Communication,Data Analysis,Statistics,Java,Design",1,9,3,Software Engineer
Computer Science,3.31,"Communication,Java,Python",1,6,3,Software Engineer
Psychology,3.54,"Python,Leadership,Data Analysis",2,8,0,Software Engineer
Engineering,3.39,"Python,Data Analysis,Design,Leadership",0,1,0,Data Scientist
Mathematics,2.71,"Project Management,Design",0,7,1,Data Scientist
Mathematics,3.12,"Python,Leadership,Project Management",2,1,3,UX Researcher
Mathematics,2.35,"Communication,Leadership,Java,Statistics",0,9,2,Software Engineer
Computer Science,3.98,"Data Analysis,Communication,Design,Python",1,9,2,Data Scientist
Engineering,2.65,"Statistics,Communication,Java,Design",2,6,3,Software Engineer
Biology,3.08,"Project Management,Design",2,3,1,UX Researcher
Psychology,3.31,"Java,Data Analysis,Design,Project Management,Statistics",0,8,0,Software Engineer
Engineering,2.75,"Design,Data Analysis,Leadership,Java,Python",1,1,2,ML Engineer
Mathematics,2.9,"Project Management,Leadership,Python,Communication",2,1,0,Software Engineer
Engineering,3.93,"Communication,Statistics,Data Analysis,Leadership,Python",1,8,1,Data Scientist
Business,3.41,"Communication,Design,Python,Java",1,7,0,Software Engineer
Psychology,2.65,"Communication,Design,Leadership,Python,Data Analysis",4,5,1,ML Engineer
Mathematics,3.31,"Data Analysis,Project Management",3,9,0,Software Engineer
Engineering,3.82,"Java,Data Analysis,Leadership,Statistics,Python",2,1,3,Data Scientist
Business,3.12,"Project Management,Statistics",0,4,0,Data Scientist
Computer Science,2.7,"Project Management,Design,Data Analysis,Python",4,9,2,Data Scientist
Computer Science,3.94,"Python,Leadership",3,5,1,ML Engineer
Mathematics,3.23,"Communication,Data Analysis",1,2,1,UX Researcher
Business,3.93,"Leadership,Java,Data Analysis,Statistics,Project Management",1,3,1,Product Manager
Business,3.71,"Statistics,Data Analysis",3,0,2,Data Scientist
Business,2.68,"Data Analysis,Communication,Design",0,4,3,UX Researcher
Computer Science,3.44,"Leadership,Java",2,4,2,Software Engineer
Business,3.65,"Statistics,Communication,Java",1,9,3,Software Engineer
Engineering,2.35,"Java,Project Management",1,7,0,Software Engineer
Business,3.25,"Communication,Statistics,Project Management,Leadership,Java",3,0,3,Software Engineer
Engineering,3.33,"Leadership,Communication",0,2,2,Product Manager
Business,2.83,"Project Management,Leadership,Java,Python",4,7,0,Software Engineer
Computer Science,2.48,"Statistics,Design,Leadership,Data Analysis",1,6,1,UX Researcher
Psychology,3.73,"Leadership,Communication",3,4,0,Product Manager
Psychology,2.69,"Communication,Java,Statistics,Python,Data Analysis",3,1,0,Data Scientist
Psychology,3.12,"Communication,Statistics,Design,Data Analysis",3,3,1,UX Researcher
Business,2.2,"Leadership,Java,Data Analysis",2,1,0,Software Engineer
Business,2.79,"Statistics,Java,Data Analysis,Design",0,9,0,Software Engineer
Computer Science,3.53,"Data Analysis,Communication",4,7,1,UX Researcher
Psychology,2.49,"Communication,Project Management,Leadership,Design",0,4,3,Product Manager
Psychology,2.56,"Data Analysis,Leadership,Python,Design,Project Management",3,7,2,ML Engineer
Mathematics,2.4,"Statistics,Data Analysis,Communication,Java,Leadership",2,0,1,Software Engineer
Computer Science,3.91,"Communication,Data Analysis,Java,Leadership,Statistics",3,8,1,Software Engineer
Engineering,3.07,"Project Management,Design",4,7,0,UX Researcher
Business,3.45,"Python,Project Management,Java,Data Analysis,Communication",1,8,0,UX Researcher
Psychology,3.72,"Communication,Leadership,Statistics,Java,Python",3,4,2,Software Engineer
Computer Science,3.35,"Project Management,Statistics,Python,Leadership,Data Analysis",4,6,2,ML Engineer
Engineering,3.63,"Python,Data Analysis,Leadership",2,3,2,Data Scientist
Engineering,2.97,"Leadership,Project Management,Python",1,9,3,Software Engineer
Biology,3.02,"Design,Project Management,Statistics,Python,Java",0,9,0,Software Engineer
Mathematics,2.25,"Leadership,Communication,Python",4,3,3,Software Engineer
Engineering,2.7,"Data Analysis,Leadership,Design,Project Management,Python",2,6,1,Data Scientist
Biology,2.89,"Python,Java",3,5,3,Software Engineer
Biology,2.22,"Design,Project Management,Data Analysis,Python",1,0,2,ML Engineer
Business,3.23,"Project Management,Data Analysis,Statistics,Python",3,9,0,Data Scientist
Biology,2.32,"Design,Communication",2,9,3,UX Researcher
Engineering,3.63,"Design,Python,Project Management",0,1,3,Consultant
Engineering,2.79,"Communication,Data Analysis",0,1,2,Consultant
Computer Science,3.05,"Communication,Data Analysis,Python,Project Management,Leadership",1,3,2,Data Scientist
Computer Science,3.28,"Statistics,Java,Design,Python,Data Analysis",2,2,0,ML Engineer
Biology,3.37,"Statistics,Communication,Design,Leadership",3,9,2,Software Engineer
Computer Science,2.46,"Project Management,Statistics,Python,Leadership,Communication",0,9,2,ML Engineer
Mathematics,2.51,"Statistics,Java,Project Management,Leadership",3,3,2,Software Engineer
Business,3.21,"Statistics,Python,Project Management,Design",0,1,3,Software Engineer
Engineering,3.3,"Statistics,Data Analysis,Project Management,Python",0,5,3,Data Scientist
Mathematics,2.65,"Communication,Design,Java,Python",1,6,1,Software Engineer
Engineering,2.43,"Design,Python,Communication,Leadership",2,7,3,Software Engineer
Business,3.8,"Project Management,Leadership,Java,Python",0,6,1,Data Scientist
Biology,3.66,"Design,Project Management,Leadership,Python,Statistics",4,3,2,Software Engineer
Computer Science,3.44,"Python,Statistics,Leadership,Design,Data Analysis",0,7,1,ML Engineer
Mathematics,3.7,"Design,Project Management,Java,Statistics,Leadership",0,9,1,Software Engineer
Business,3.21,"Project Management,Python,Statistics,Java,Communication",0,1,2,Software Engineer
Biology,2.82,"Leadership,Python,Statistics,Java,Communication",1,4,1,Software Engineer
Computer Science,3.6,"Java,Data Analysis,Leadership,Statistics,Project Management",2,5,2,Software Engineer
Psychology,3.0,"Communication,Python",4,3,2,Software Engineer
Computer Science,3.05,"Project Management,Statistics,Design,Data Analysis,Python",2,2,2,ML Engineer
Mathematics,3.27,"Communication,Project Management",4,0,1,Software Engineer
Psychology,3.58,"Project Management,Communication,Statistics",2,2,0,Data Scientist
Business,3.96,"Leadership,Statistics,Python,Project Management",2,6,0,Software Engineer
Engineering,2.73,"Communication,Statistics,Data Analysis",3,3,3,Data Scientist
Business,2.19,"Data Analysis,Project Management,Python",1,0,2,Data Scientist
Biology,3.77,"Design,Statistics",2,3,0,UX Researcher
Mathematics,2.75,"Leadership,Communication",0,5,3,Product Manager
Psychology,3.37,"Python,Data Analysis,Java",3,9,2,Product Manager
Biology,3.44,"Design,Java",2,9,0,ML Engineer
Business,3.49,"Communication,Data Analysis,Project Management",0,0,1,Software Engineer
Computer Science,3.99,"Design,Communication",0,5,0,UX Researcher
Business,2.79,"Design,Project Management,Communication,Leadership",2,6,2,Product Manager
Psychology,2.03,"Design,Project Management,Python,Leadership",0,6,2,Software Engineer
Mathematics,3.18,"Python,Design,Statistics,Data Analysis",1,6,3,Data Scientist
Business,3.25,"Statistics,Leadership",4,7,2,Data Scientist
Business,3.96,"Java,Communication",4,3,3,Product Manager
Business,2.98,"Python,Communication,Design",2,9,2,Software Engineer
Computer Science,2.85,"Python,Design,Communication,Leadership,Statistics",1,2,0,Software Engineer
Biology,2.08,"Statistics,Design,Leadership",1,4,2,Consultant
Business,3.9,"Java,Design,Communication",1,6,3,Software Engineer
Psychology,3.96,"Statistics,Leadership",2,9,2,Data Scientist
Psychology,3.07,"Project Management,Java,Leadership",1,7,0,Software Engineer
Engineering,3.65,"Python,Leadership,Communication,Java",3,9,1,Consultant
Mathematics,2.02,"Project Management,Communication,Python",0,2,3,Software Engineer
Mathematics,2.18,"Leadership,Python,Design,Data Analysis,Statistics",1,5,3,Data Scientist
Psychology,3.73,"Communication,Statistics,Data Analysis,Design",2,8,0,Consultant
Business,3.34,"Leadership,Python,Design",4,1,3,Software Engineer
Biology,2.22,"Design,Java,Data Analysis",1,6,3,Software Engineer
Psychology,3.7,"Communication,Project Management,Leadership,Data Analysis",4,9,0,Product Manager
Biology,2.43,"Project Management,Java",0,7,3,Software Engineer
Biology,2.41,"Design,Data Analysis",1,7,2,UX Researcher
Psychology,3.35,"Statistics,Leadership",4,5,3,Data Scientist
Engineering,3.11,"Project Management,Java",4,2,3,Software Engineer
Computer Science,2.92,"Python,Data Analysis",4,8,3,Data Scientist
Mathematics,2.09,"Design,Leadership",0,6,3,UX Researcher
Mathematics,3.0,"Project Management,Data Analysis",3,3,2,UX Researcher
Engineering,2.07,"Python,Leadership,Project Management",2,8,2,Software Engineer
Business,2.31,"Java,Leadership,Python",3,0,3,Software Engineer
Business,3.41,"Java,Python,Leadership,Statistics",0,4,0,Software Engineer
Biology,3.4,"Python,Communication",3,5,3,Software Engineer
Engineering,3.47,"Java,Python",1,7,2,Software Engineer
Mathematics,3.66,"Data Analysis,Project Management,Leadership,Java",1,2,1,Software Engineer
Business,2.34,"Java,Python,Communication",1,0,2,Software Engineer
Biology,2.8,"Communication,Statistics,Project Management,Python,Design",0,5,1,Software Engineer
Biology,2.92,"Project Management,Java,Python",1,0,2,Software Engineer
Mathematics,2.11,"Python,Data Analysis,Design,Communication,Project Management",1,3,1,ML Engineer
Psychology,2.33,"Statistics,Design",0,3,3,UX Researcher
Mathematics,2.75,"Leadership,Python",3,9,2,Software Engineer
Psychology,2.48,"Communication,Python,Project Management",2,1,0,Software Engineer
Mathematics,3.46,"Communication,Project Management,Java,Design",3,1,1,Software Engineer
Biology,3.07,"Leadership,Python",4,2,0,Data Scientist
Biology,2.19,"Project Management,Communication,Leadership,Python,Data Analysis",1,1,2,ML Engineer
Psychology,3.3,"Project Management,Communication,Design",2,3,2,UX Researcher
Business,2.5,"Statistics,Design,Java",0,5,3,Software Engineer
Biology,3.59,"Java,Python,Leadership",1,9,1,Software Engineer
Psychology,3.12,"Statistics,Data Analysis,Project Management,Design",1,0,3,UX Researcher
Psychology,3.19,"Communication,Python",4,6,1,Software Engineer
Business,3.02,"Project Management,Design,Leadership",2,9,0,UX Researcher
Engineering,2.23,"Data Analysis,Java,Leadership",2,1,3,Software Engineer
Psychology,2.7,"Statistics,Java",0,8,0,Software Engineer
Mathematics,2.43,"Java,Data Analysis,Statistics",0,5,2,Software Engineer
Psychology,3.08,"Design,Statistics,Java,Communication,Leadership",4,0,0,Software Engineer
Mathematics,2.97,"Leadership,Project Management",4,0,3,Data Scientist
Computer Science,2.41,"Design,Project Management",4,5,1,UX Researcher
Psychology,2.54,"Leadership,Communication,Statistics,Data Analysis,Project Management",2,3,3,Product Manager
Computer Science,2.47,"Statistics,Python",0,1,0,Software Engineer
Psychology,3.96,"Python,Communication",1,8,0,Software Engineer
Computer Science,2.22,"Statistics,Python,Design",0,5,2,Software Engineer
Mathematics,2.7,"Python,Leadership,Data Analysis,Project Management,Design",0,6,1,Data Scientist
Psychology,2.14,"Leadership,Communication,Design,Data Analysis",2,3,1,Product Manager
Engineering,3.49,"Leadership,Design,Data Analysis,Statistics",1,3,2,UX Researcher
Computer Science,2.15,"Statistics,Design,Project Management,Data Analysis",4,8,3,Consultant
Biology,3.28,"Design,Java,Data Analysis,Statistics",2,4,1,Software Engineer
Biology,2.73,"Statistics,Communication",3,2,1,UX Researcher
Mathematics,2.29,"Design,Project Management,Statistics,Leadership",2,1,3,UX Researcher
Computer Science,3.7,"Leadership,Python,Data Analysis,Project Management,Statistics",0,1,2,Software Engineer
Business,3.7,"Statistics,Leadership,Data Analysis,Communication,Java",3,7,3,Consultant
Mathematics,2.15,"Project Management,Data Analysis",4,2,0,Software Engineer
Psychology,3.4,"Leadership,Python,Data Analysis",2,1,2,ML Engineer
Psychology,3.42,"Java,Leadership,Data Analysis,Design,Communication",0,2,0,Software Engineer
Mathematics,3.04,"Python,Statistics",0,4,0,Software Engineer
Engineering,3.09,"Communication,Leadership,Python,Data Analysis",4,3,2,Data Scientist
Biology,3.92,"Statistics,Communication",3,7,2,Data Scientist
Engineering,3.57,"Statistics,Java,Design",2,2,1,Software Engineer
Biology,2.2,"Communication,Statistics,Leadership",4,4,0,Product Manager
Computer Science,3.28,"Design,Data Analysis",0,3,3,UX Researcher
Mathematics,3.68,"Project Management,Design,Leadership",1,1,1,UX Researcher
Computer Science,2.15,"Java,Python,Project Management,Design",2,0,0,Software Engineer
Computer Science,3.22,"Python,Leadership",4,9,1,ML Engineer
Biology,2.97,"Data Analysis,Leadership,Project Management,Java,Design",4,5,0,Software Engineer
Mathematics,3.02,"Python,Statistics,Design,Leadership,Project Management",1,2,1,Software Engineer
Biology,2.21,"Design,Project Management,Leadership",2,4,2,UX Researcher
Biology,3.67,"Design,Data Analysis",1,2,2,UX Researcher
Computer Science,3.98,"Java,Design,Data Analysis,Statistics",0,3,3,Software Engineer
Mathematics,3.62,"Design,Project Management",1,5,2,UX Researcher
Business,2.95,"Design,Python",4,7,3,Software Engineer
Computer Science,2.04,"Python,Leadership,Data Analysis",2,0,0,Data Scientist
Business,2.22,"Python,Java,Project Management",4,0,0,Software Engineer
Computer Science,3.68,"Java,Leadership,Python",2,7,1,Software Engineer
Computer Science,3.59,"Python,Data Analysis,Java",0,0,0,Data Scientist
Computer Science,3.32,"Data Analysis,Python,Java,Leadership",3,1,1,Data Scientist
Computer Science,2.09,"Java,Data Analysis,Project Management,Leadership",4,0,2,Software Engineer
Biology,3.25,"Statistics,Design,Data Analysis,Python",3,9,3,Data Scientist
Biology,3.9,"Java,Project Management,Communication,Python",4,2,1,Software Engineer
Mathematics,3.11,"Communication,Leadership,Project Management,Java,Data Analysis",0,0,0,Software Engineer
Business,3.13,"Project Management,Java,Leadership,Python,Statistics",4,3,1,Software Engineer
Engineering,2.05,"Communication,Python,Statistics,Design,Java",2,9,1,Software Engineer
Biology,2.98,"Data Analysis,Leadership",3,0,3,Consultant
Mathematics,2.66,"Data Analysis,Leadership",0,2,0,UX Researcher
Business,2.55,"Leadership,Java",3,4,3,Software Engineer
Engineering,2.91,"Communication,Statistics",4,1,0,Data Scientist
Business,3.99,"Statistics,Java,Project Management,Python",0,3,1,Software Engineer
Business,3.85,"Leadership,Data Analysis,Communication,Java,Python",1,6,3,UX Researcher
Engineering,3.39,"Communication,Python,Java",3,6,0,Software Engineer
Business,2.56,"Statistics,Leadership,Communication",4,2,0,Product Manager
Biology,3.62,"Project Management,Design,Leadership,Communication",3,9,2,Product Manager
Psychology,3.23,"Communication,Leadership,Design,Data Analysis,Python",4,1,1,Data Scientist
Biology,3.23,"Leadership,Communication",0,5,1,Product Manager
Business,2.24,"Design,Java,Python",3,7,0,Software Engineer
Engineering,2.54,"Java,Leadership,Communication,Design",2,2,0,Software Engineer
Business,2.1,"Data Analysis,Project Management,Statistics,Communication",1,1,2,Data Scientist
Engineering,3.57,"Java,Design",1,4,2,Software Engineer
Engineering,2.61,"Communication,Design",3,0,3,UX Researcher
Psychology,3.77,"Data Analysis,Project Management",1,6,3,UX Researcher
Psychology,2.94,"Leadership,Design,Statistics,Data Analysis",2,2,2,UX Researcher
Computer Science,3.47,"Communication,Java",1,7,3,Software Engineer
Engineering,3.45,"Java,Leadership",3,0,2,Software Engineer
Computer Science,3.74,"Design,Leadership,Project Management,Python",0,7,0,Software Engineer
Business,3.19,"Java,Communication,Design,Python,Data Analysis",1,4,1,Data Scientist
Biology,3.26,"Design,Project Management,Python",1,6,0,Software Engineer
Engineering,2.12,"Communication,Leadership,Python,Statistics",2,6,2,ML Engineer
Business,3.16,"Project Management,Java,Python,Leadership",0,3,1,Software Engineer
Psychology,2.98,"Leadership,Design,Statistics",1,7,2,UX Researcher
Psychology,2.06,"Python,Communication,Data Analysis",3,7,0,ML Engineer
Mathematics,3.37,"Design,Statistics",3,4,3,UX Researcher
Engineering,3.53,"Project Management,Python",2,7,1,Software Engineer
Engineering,2.76,"Project Management,Communication,Data Analysis,Design",0,5,3,UX Researcher
Engineering,3.82,"Statistics,Java",4,7,3,Software Engineer
Mathematics,3.98,"Java,Data Analysis",0,7,2,Software Engineer
Psychology,2.08,"Design,Data Analysis,Python,Statistics,Project Management",1,0,0,ML Engineer
Biology,3.04,"Statistics,Python,Leadership",4,8,3,Software Engineer
Biology,2.81,"Data Analysis,Design,Project Management,Communication,Leadership",1,7,0,Product Manager
Biology,3.01,"Design,Data Analysis",2,1,1,UX Researcher
Psychology,3.67,"Design,Data Analysis",2,7,0,Consultant
Biology,2.64,"Leadership,Communication,Design,Java,Data Analysis",4,6,0,Software Engineer
Psychology,2.88,"Java,Design,Python,Data Analysis,Statistics",3,5,3,Data Scientist
Business,2.55,"Project Management,Leadership,Communication,Java,Python",0,4,0,Software Engineer
Psychology,2.33,"Data Analysis,Project Management,Design,Python",2,8,2,ML Engineer
Engineering,2.26,"Design,Project Management,Python,Statistics,Leadership",2,8,0,Software Engineer
Psychology,2.73,"Project Management,Data Analysis,Leadership,Design,Communication",0,2,0,Product Manager
Biology,2.1,"Communication,Java,Project Management,Statistics,Python",4,4,3,Software Engineer
Mathematics,3.47,"Design,Data Analysis,Java,Project Management",3,6,0,Software Engineer
Mathematics,2.6,"Design,Statistics",4,5,1,UX Researcher
Business,2.2,"Java,Project Management,Leadership,Python",2,1,2,Software Engineer
Biology,2.29,"Communication,Statistics,Design,Java,Leadership",0,7,0,Software Engineer
Mathematics,3.1,"Data Analysis,Python,Leadership,Statistics",4,5,0,ML Engineer
Engineering,3.34,"Python,Communication",3,0,1,Software Engineer
Engineering,2.41,"Statistics,Java",2,3,1,ML Engineer
Computer Science,2.74,"Communication,Statistics,Python,Data Analysis",2,7,2,Data Scientist
Psychology,2.34,"Design,Data Analysis,Communication",4,5,3,UX Researcher
Business,3.72,"Data Analysis,Project Management",0,4,3,Product Manager
Biology,2.68,"Java,Project Management,Data Analysis",3,1,3,Software Engineer
Computer Science,3.56,"Java,Communication,Leadership,Project Management,Statistics",2,6,2,Software Engineer
Business,3.09,"Communication,Java",0,8,2,Product Manager
Computer Science,2.54,"Python,Communication,Project Management",3,2,0,Software Engineer
Biology,2.67,"Data Analysis,Java",0,4,1,Software Engineer
Business,2.31,"Statistics,Design,Data Analysis,Leadership",3,8,2,Data Scientist
Business,3.47,"Project Management,Data Analysis,Java,Python",2,9,1,Data Scientist
Psychology,2.03,"Leadership,Project Management",3,5,2,Software Engineer
Psychology,3.65,"Statistics,Java,Python",2,2,3,Software Engineer
Engineering,2.61,"Python,Leadership,Statistics,Design",0,3,3,Software Engineer
Computer Science,2.43,"Project Management,Data Analysis,Java",4,7,3,Software Engineer
Engineering,3.2,"Statistics,Data Analysis,Java",1,6,3,Software Engineer
Business,2.2,"Data Analysis,Design,Java,Communication,Project Management",0,1,3,UX Researcher
Engineering,3.8,"Design,Data Analysis,Java,Python",3,3,0,ML Engineer
Mathematics,2.37,"Python,Design,Communication,Java",3,3,3,Software Engineer
Mathematics,2.27,"Design,Statistics",1,8,0,UX Researcher
Engineering,3.2,"Leadership,Statistics",2,3,0,Data Scientist
Engineering,3.99,"Design,Statistics,Project Management",4,7,3,UX Researcher
Mathematics,4.0,"Statistics,Project Management,Python",3,1,3,Software Engineer
Engineering,3.63,"Project Management,Java",4,8,0,Software Engineer
Mathematics,2.92,"Python,Project Management,Statistics",4,5,3,Software Engineer
Computer Science,3.49,"Java,Leadership",3,2,2,Software Engineer
Computer Science,3.04,"Design,Leadership,Communication",4,3,3,Product Manager
Psychology,3.64,"Data Analysis,Communication,Leadership,Statistics",3,0,0,Product Manager
Biology,2.09,"Leadership,Communication",2,0,0,Product Manager
Biology,3.18,"Statistics,Java,Python,Design",0,6,0,Software Engineer
Mathematics,3.3,"Design,Project Management,Statistics,Java",3,4,0,Software Engineer
Computer Science,3.26,"Communication,Design",3,4,3,UX Researcher
Business,2.54,"Leadership,Java,Python,Design,Project Management",2,6,2,Software Engineer
Psychology,2.18,"Statistics,Leadership",1,6,1,Data Scientist
Psychology,2.77,"Java,Design,Project Management,Data Analysis,Communication",1,4,1,Software Engineer
Biology,3.21,"Project Management,Leadership,Python,Statistics,Design",2,6,0,Product Manager
Computer Science,2.22,"Leadership,Python,Communication,Data Analysis,Java",1,2,0,ML Engineer
Mathematics,3.65,"Design,Leadership,Communication",3,1,0,Product Manager
Business,2.28,"Java,Communication",4,2,3,Software Engineer
Mathematics,3.2,"Python,Project Management,Leadership,Communication,Java",0,0,3,Software Engineer
Business,4.0,"Communication,Statistics,Project Management,Python",3,0,2,Software Engineer
Mathematics,3.53,"Data Analysis,Java,Communication,Python",2,2,2,Data Scientist
Engineering,3.98,"Design,Java,Communication,Project Management,Data Analysis",4,5,1,Software Engineer
Mathematics,2.0,"Communication,Statistics,Design,Leadership",3,4,0,Product Manager
Engineering,2.69,"Communication,Java",1,4,3,Software Engineer
Engineering,2.4,"Statistics,Communication,Python,Data Analysis",4,2,2,ML Engineer
Computer Science,2.19,"Statistics,Leadership",3,0,1,Data Scientist
Biology,2.91,"Project Management,Data Analysis,Communication,Java,Python",3,3,0,ML Engineer
Engineering,3.82,"Communication,Project Management,Statistics",3,0,1,Data Scientist
Psychology,2.21,"Statistics,Project Management",4,0,1,Data Scientist
Computer Science,3.9,"Java,Communication",0,6,1,Software Engineer
Mathematics,3.91,"Python,Java,Project Management,Communication",4,3,2,Software Engineer
Mathematics,2.38,"Python,Communication",0,2,1,Software Engineer
Business,3.77,"Data Analysis,Project Management,Design,Statistics,Java",1,1,0,Data Scientist
Engineering,3.66,"Leadership,Python,Data Analysis",2,4,1,UX Researcher
Biology,2.98,"Statistics,Java",3,0,3,Software Engineer
Psychology,3.8,"Data Analysis,Communication,Java",1,0,0,ML Engineer
Biology,2.55,"Java,Data Analysis",1,7,3,Software Engineer
Biology,3.76,"Leadership,Communication",3,4,3,Product Manager
Engineering,3.35,"Project Management,Leadership,Design",2,3,1,ML Engineer
Psychology,2.07,"Data Analysis,Leadership,Statistics",3,7,2,Data Scientist
Engineering,3.1,"Project Management,Leadership,Design,Data Analysis",0,2,1,Data Scientist
Biology,2.17,"Python,Communication,Data Analysis,Java,Leadership",1,4,1,Data Scientist
Biology,2.61,"Communication,Data Analysis,Project Management,Leadership",3,1,2,Product Manager
Biology,2.95,"Design,Project Management,Communication,Python,Statistics",1,2,0,Software Engineer
Psychology,3.63,"Project Management,Communication,Data Analysis",4,2,1,Product Manager
Mathematics,2.87,"Design,Python,Leadership",4,6,2,Software Engineer
Business,2.06,"Design,Python",1,2,3,Product Manager
Biology,2.23,"Java,Statistics,Data Analysis,Leadership,Project Management",3,6,3,Software Engineer
Biology,3.0,"Python,Communication,Java",3,0,2,Software Engineer
Business,2.78,"Python,Design,Java,Communication",4,3,0,Software Engineer
Computer Science,3.0,"Project Management,Java,Leadership,Python",2,3,1,Software Engineer
Psychology,3.73,"Design,Leadership,Communication,Python,Data Analysis",4,1,2,Data Scientist
Computer Science,2.17,"Communication,Design,Data Analysis,Python",4,4,3,ML Engineer
Computer Science,2.41,"Communication,Project Management,Statistics,Java",2,4,3,Software Engineer
Business,3.29,"Project Management,Communication,Python",1,4,3,Software Engineer
Psychology,2.39,"Java,Statistics,Python,Design,Project Management",0,3,1,Product Manager
Engineering,3.5,"Data Analysis,Statistics,Java,Python",3,0,0,ML Engineer
Engineering,2.36,"Project Management,Data Analysis,Design,Java,Python",4,5,1,Data Scientist
Engineering,3.41,"Project Management,Design,Statistics",2,9,2,UX Researcher
Biology,3.69,"Project Management,Python,Data Analysis,Java",1,5,3,Data Scientist
Business,3.37,"Statistics,Communication,Leadership,Design",0,2,3,Product Manager
Business,2.93,"Design,Data Analysis,Project Management",3,6,0,UX Researcher
Engineering,3.79,"Project Management,Python",3,3,1,Software Engineer
Computer Science,2.68,"Statistics,Data Analysis,Leadership,Python",3,6,3,ML Engineer
Engineering,3.08,"Data Analysis,Communication,Python,Design",4,5,3,ML Engineer
Biology,3.65,"Data Analysis,Design",1,6,2,UX Researcher
Engineering,2.48,"Design,Python,Data Analysis,Communication,Statistics",2,4,3,Data Scientist
Business,3.88,"Leadership,Project Management,Data Analysis,Java",3,9,2,Product Manager
Psychology,3.85,"Leadership,Statistics,Communication",3,1,3,Product Manager
Biology,3.19,"Leadership,Java",0,0,1,Software Engineer
Psychology,3.8,"Java,Project Management,Python",3,7,2,Software Engineer
Business,2.77,"Statistics,Design,Python",4,5,0,Software Engineer
Mathematics,3.12,"Communication,Python,Project Management",2,2,0,Software Engineer
Psychology,3.13,"Project Management,Python,Data Analysis,Java,Design",3,6,2,Consultant
Biology,3.49,"Project Management,Communication",0,1,0,Product Manager
Mathematics,3.51,"Design,Project Management,Data Analysis,Java,Leadership",3,1,3,Software Engineer
Business,3.43,"Project Management,Python,Data Analysis,Statistics,Leadership",3,4,1,ML Engineer
Computer Science,2.04,"Leadership,Project Management,Communication",3,4,0,Product Manager
Mathematics,3.6,"Project Management,Data Analysis,Leadership,Statistics",0,6,0,Data Scientist
Biology,3.37,"Data Analysis,Java,Statistics,Design",3,9,2,Software Engineer
Engineering,2.99,"Python,Project Management,Java,Communication,Leadership",4,4,0,Software Engineer
Psychology,2.83,"Java,Project Management,Leadership",3,6,2,Software Engineer
Mathematics,3.96,"Project Management,Leadership,Communication",0,9,0,Product Manager
Mathematics,2.8,"Design,Project Management",1,8,1,UX Researcher
Biology,3.09,"Communication,Leadership,Project Management,Statistics",3,9,2,Product Manager
Biology,3.93,"Design,Communication,Python,Project Management,Java",1,4,2,Software Engineer
Mathematics,2.13,"Statistics,Leadership",0,7,1,Data Scientist
Computer Science,3.2,"Python,Statistics,Data Analysis,Communication",1,4,2,ML Engineer
Computer Science,2.8,"Data Analysis,Project Management",4,6,1,UX Researcher
Business,2.83,"Design,Data Analysis,Statistics,Java",3,2,3,Software Engineer
Computer Science,3.44,"Leadership,Data Analysis,Statistics,Python",0,5,3,Data Scientist
Biology,3.09,"Data Analysis,Statistics",1,0,2,Software Engineer
Computer Science,3.62,"Leadership,Java,Statistics,Data Analysis,Design",3,6,0,Software Engineer
Mathematics,2.49,"Java,Leadership",1,1,1,Software Engineer
Mathematics,2.11,"Python,Project Management,Java,Communication",2,5,0,ML Engineer
Computer Science,3.85,"Python,Project Management,Java",1,2,0,Software Engineer
Business,2.93,"Java,Design,Communication,Data Analysis",2,9,0,Software Engineer
Mathematics,3.42,"Design,Data Analysis",3,7,2,UX Researcher
Engineering,2.71,"Leadership,Design,Communication",3,6,0,ML Engineer
Psychology,2.12,"Python,Design,Communication",3,9,0,Software Engineer
Mathematics,2.8,"Communication,Design,Data Analysis",3,3,2,UX Researcher
Mathematics,3.6,"Design,Project Management,Communication",2,1,3,Product Manager
Business,2.31,"Python,Java",0,9,3,UX Researcher
Mathematics,2.42,"Data Analysis,Communication",3,9,3,Consultant
Computer Science,2.94,"Data Analysis,Leadership",0,3,1,Data Scientist
Biology,3.69,"Design,Project Management,Data Analysis,Java",3,2,3,Software Engineer
Psychology,3.48,"Java,Communication",3,3,1,Product Manager
Biology,2.96,"Design,Python,Communication",2,7,1,Software Engineer
Business,2.46,"Communication,Python,Leadership,Design",3,7,3,Software Engineer
Psychology,3.39,"Design,Leadership,Python",1,4,3,Software Engineer
Business,2.27,"Project Management,Communication,Design",3,0,1,UX Researcher
Psychology,3.33,"Leadership,Data Analysis,Design,Communication",4,2,1,Product Manager
Biology,3.47,"Python,Data Analysis,Java,Statistics,Leadership",2,4,3,Data Scientist
Computer Science,2.86,"Java,Design,Leadership",0,3,3,Software Engineer
Engineering,2.11,"Communication,Data Analysis",3,4,1,UX Researcher
Computer Science,3.05,"Python,Java,Leadership,Project Management,Communication",4,9,3,Software Engineer
Psychology,2.83,"Java,Leadership",2,9,1,Product Manager
Business,2.61,"Project Management,Communication,Statistics,Design,Python",1,0,2,Software Engineer
Engineering,3.98,"Project Management,Python",3,6,1,Software Engineer
Psychology,3.77,"Statistics,Design,Leadership",3,5,0,UX Researcher
Biology,2.66,"Data Analysis,Leadership",3,0,0,Software Engineer
Biology,3.01,"Java,Leadership,Python",3,0,1,Consultant
Biology,2.41,"Python,Communication,Project Management,Statistics,Java",1,6,3,Software Engineer
Psychology,2.85,"Python,Design,Data Analysis",1,3,2,ML Engineer
Psychology,2.05,"Python,Data Analysis,Communication,Design",4,5,3,Data Scientist
Psychology,3.93,"Java,Statistics,Python,Leadership",0,5,2,Software Engineer
Engineering,2.84,"Java,Project Management",4,4,2,UX Researcher
Business,3.8,"Java,Communication",1,4,3,Software Engineer
Computer Science,2.42,"Communication,Statistics,Java,Python,Leadership",4,8,0,Software Engineer
Business,2.65,"Communication,Python,Data Analysis,Project Management,Leadership",1,6,1,ML Engineer
Business,2.48,"Design,Communication,Python",2,0,1,Software Engineer
Computer Science,3.3,"Statistics,Design,Leadership,Java,Python",1,2,2,Software Engineer
Engineering,2.59,"Java,Project Management,Python,Communication",0,8,0,Software Engineer
Psychology,3.67,"Data Analysis,Java,Project Management,Design",4,4,1,Software Engineer
Engineering,3.72,"Java,Communication,Statistics",4,5,3,Software Engineer
Business,2.65,"Project Management,Statistics,Java",2,4,1,Software Engineer
Engineering,2.58,"Communication,Leadership,Python,Java",4,3,3,Software Engineer
Engineering,2.32,"Statistics,Python,Communication",4,6,2,Software Engineer
Engineering,2.29,"Python,Project Management",2,9,3,Software Engineer
Mathematics,3.82,"Design,Statistics,Communication,Data Analysis",1,6,2,UX Researcher
Biology,2.36,"Leadership,Python,Design,Statistics",2,8,2,Software Engineer
Business,3.0,"Leadership,Communication,Statistics",2,1,2,Product Manager
Biology,2.09,"Project Management,Java,Data Analysis",4,4,0,Software Engineer
Biology,3.03,"Design,Leadership,Project Management,Data Analysis",4,2,3,UX Researcher
Engineering,3.96,"Java,Leadership",1,3,0,Software Engineer
Business,3.8,"Design,Leadership,Communication,Data Analysis,Java",2,7,2,Software Engineer
Mathematics,3.9,"Design,Communication,Project Management,Java",2,5,1,Software Engineer
Biology,3.05,"Python,Project Management,Design,Leadership,Statistics",3,8,3,Software Engineer
Psychology,2.96,"Project Management,Leadership,Communication,Python,Design",1,0,2,UX Researcher
Computer Science,3.75,"Python,Design,Communication,Project Management,Java",3,4,1,Software Engineer
Business,2.54,"Project Management,Python,Java,Design,Data Analysis",4,0,2,ML Engineer
Psychology,2.54,"Statistics,Leadership",1,8,1,Data Scientist
Engineering,2.85,"Java,Design",0,4,0,Product Manager
Engineering,2.61,"Leadership,Data Analysis,Python,Project Management,Java",2,5,0,Product Manager
Engineering,3.42,"Leadership,Project Management",4,7,2,Product Manager
Biology,3.2,"Communication,Statistics,Data Analysis,Design",3,8,3,UX Researcher
Engineering,2.21,"Statistics,Data Analysis,Communication,Python",0,1,3,Data Scientist
Biology,3.01,"Statistics,Data Analysis,Communication,Design,Java",0,1,0,Software Engineer
Computer Science,3.03,"Project Management,Python,Data Analysis,Java,Design",0,3,2,ML Engineer
Computer Science,3.95,"Design,Python,Java,Communication,Data Analysis",3,1,1,Data Scientist
Mathematics,2.83,"Statistics,Python",4,2,3,Software Engineer
Biology,2.83,"Java,Statistics",1,6,1,Software Engineer
Psychology,3.89,"Data Analysis,Python,Leadership",2,9,0,Data Scientist
Biology,2.11,"Design,Data Analysis,Leadership",0,3,0,UX Researcher
Engineering,2.6,"Leadership,Java,Project Management,Python,Communication",2,6,3,Data Scientist
Psychology,2.82,"Java,Statistics,Data Analysis",2,0,2,Software Engineer
Mathematics,3.66,"Data Analysis,Design",3,4,0,UX Researcher
Mathematics,3.61,"Project Management,Leadership",1,9,2,Data Scientist
Business,3.28,"Communication,Python,Design,Java,Statistics",3,5,0,Software Engineer
Biology,2.6,"Java,Communication,Python,Statistics,Leadership",4,1,0,Software Engineer
Engineering,2.42,"Project Management,Communication,Java",1,6,2,Consultant
Engineering,3.09,"Statistics,Data Analysis,Java",1,2,0,Software Engineer
Mathematics,3.42,"Design,Java",4,7,2,Software Engineer
Biology,3.54,"Project Management,Java,Communication",3,2,2,Product Manager
Computer Science,3.57,"Leadership,Project Management,Java,Python",2,6,1,Software Engineer
Engineering,3.51,"Statistics,Leadership,Project Management,Python",1,5,1,UX Researcher
Psychology,3.31,"Java,Statistics",0,6,1,Software Engineer
Engineering,2.61,"Python,Java,Project Management,Statistics,Leadership",0,7,1,Software Engineer
Business,3.21,"Java,Design",3,5,2,Software Engineer
Computer Science,2.88,"Java,Statistics",1,9,1,Software Engineer
Biology,3.76,"Project Management,Communication,Statistics,Java",3,6,3,Software Engineer
Mathematics,3.99,"Project Management,Java,Python",2,4,1,Software Engineer
Engineering,3.52,"Design,Java,Statistics,Leadership",3,4,3,Software Engineer
Engineering,3.04,"Communication,Design,Data Analysis,Java,Leadership",3,4,1,Software Engineer
Psychology,3.22,"Leadership,Design",3,1,1,UX Researcher
Psychology,3.9,"Java,Leadership,Communication,Data Analysis",0,5,2,Software Engineer
Biology,3.4,"Design,Java,Python,Communication,Project Management",0,4,2,Software Engineer
Engineering,3.53,"Design,Statistics",2,6,0,Data Scientist
Business,3.85,"Communication,Design",1,2,2,UX Researcher
Mathematics,2.54,"Statistics,Communication,Data Analysis",3,5,1,Data Scientist
Biology,2.9,"Project Management,Statistics",1,9,1,Data Scientist
Biology,2.75,"Design,Project Management,Leadership",4,6,3,Software Engineer
Business,3.64,"Design,Python,Java",1,6,1,Software Engineer
Engineering,3.84,"Python,Statistics",3,3,2,Software Engineer
Mathematics,3.52,"Data Analysis,Leadership,Project Management",0,9,2,Consultant
Biology,3.22,"Project Management,Python,Communication,Java,Leadership",1,9,3,Consultant
Engineering,3.27,"Statistics,Data Analysis,Design",1,7,1,UX Researcher
Business,2.96,"Design,Python,Statistics,Project Management,Data Analysis",2,7,3,Data Scientist
Psychology,2.43,"Python,Leadership",0,7,1,Data Scientist
Engineering,3.25,"Project Management,Design,Java",0,7,1,Software Engineer
Mathematics,2.13,"Design,Statistics,Java,Communication,Python",4,0,3,Software Engineer
Biology,3.86,"Data Analysis,Statistics,Python,Project Management,Leadership",2,2,2,Data Scientist
Mathematics,3.57,"Python,Data Analysis,Java,Leadership,Design",3,4,3,ML Engineer
Mathematics,3.58,"Java,Data Analysis",3,3,1,Software Engineer
Business,2.97,"Communication,Data Analysis,Leadership,Python,Design",0,4,0,Data Scientist
Biology,3.21,"Statistics,Leadership,Design,Data Analysis,Project Management",3,8,2,UX Researcher
Biology,2.25,"Data Analysis,Project Management,Leadership,Java,Communication",2,4,3,Software Engineer
Biology,2.36,"Project Management,Statistics",4,7,0,Data Scientist
Computer Science,2.05,"Python,Design,Communication,Leadership",2,7,1,Software Engineer
Business,3.32,"Python,Statistics,Communication,Data Analysis,Design",3,8,1,ML Engineer
Business,2.3,"Project Management,Leadership,Python,Design,Communication",3,8,0,Software Engineer
Psychology,3.12,"Java,Statistics,Project Management,Communication,Data Analysis",4,8,3,Software Engineer
Biology,2.99,"Communication,Python,Java,Data Analysis,Statistics",2,7,2,Data Scientist
Computer Science,2.97,"Python,Leadership",0,4,3,Software Engineer
Engineering,3.83,"Data Analysis,Java,Statistics,Leadership",1,8,1,Software Engineer
Engineering,2.3,"Communication,Project Management",1,2,1,Software Engineer
Computer Science,2.59,"Leadership,Python",3,3,1,Software Engineer
Mathematics,2.16,"Java,Leadership,Design,Python,Communication",4,4,2,Software Engineer
Engineering,3.52,"Data Analysis,Design",3,9,2,Consultant
Computer Science,2.83,"Python,Project Management,Communication,Java",4,8,3,Software Engineer
Engineering,3.62,"Design,Communication,Data Analysis",0,8,3,UX Researcher
Biology,2.62,"Data Analysis,Communication,Statistics,Java",1,0,3,Software Engineer
Psychology,2.13,"Communication,Design",1,8,3,UX Researcher
Engineering,3.32,"Data Analysis,Statistics,Design,Java",3,5,3,Product Manager
Psychology,2.76,"Java,Communication,Data Analysis,Python,Project Management",0,1,0,ML Engineer
Mathematics,2.87,"Communication,Leadership,Java,Design",4,5,2,Software Engineer
Mathematics,2.62,"Project Management,Python,Design",3,2,1,Software Engineer
Engineering,3.21,"Python,Communication,Statistics",4,6,1,Software Engineer
Engineering,2.9,"Java,Data Analysis,Leadership,Statistics,Python",1,5,1,ML Engineer
Engineering,3.29,"Communication,Project Management,Java,Data Analysis",0,0,2,Software Engineer
Computer Science,3.49,"Project Management,Statistics,Leadership,Data Analysis,Python",3,9,3,Data Scientist
Business,2.47,"Leadership,Project Management,Design,Java,Communication",4,9,1,Software Engineer
Business,3.69,"Data Analysis,Java,Statistics,Design,Leadership",1,6,1,Software Engineer
Mathematics,3.38,"Leadership,Project Management",4,6,3,ML Engineer
Engineering,3.44,"Communication,Leadership,Project Management,Statistics,Python",4,1,2,Product Manager
Business,3.63,"Data Analysis,Design,Project Management,Java,Statistics",2,5,0,Software Engineer
Biology,2.75,"Project Management,Data Analysis,Python,Statistics,Communication",1,3,0,Data Scientist
Business,2.61,"Statistics,Java,Design",0,9,2,Software Engineer
Engineering,3.4,"Communication,Statistics,Design,Project Management",0,1,1,UX Researcher
Mathematics,2.59,"Project Management,Statistics,Python",1,0,3,Software Engineer
Computer Science,2.82,"Design,Python,Communication,Data Analysis",0,1,3,Data Scientist
Psychology,3.29,"Java,Python,Statistics",2,5,0,Software Engineer
Mathematics,3.13,"Project Management,Design,Python,Statistics",3,4,2,UX Researcher
Computer Science,2.46,"Leadership,Java,Data Analysis",4,3,0,Product Manager
Biology,2.38,"Java,Leadership,Python,Data Analysis,Statistics",3,5,1,Data Scientist
Biology,3.89,"Data Analysis,Communication",3,2,2,Consultant
Mathematics,3.47,"Data Analysis,Communication,Project Management,Leadership,Design",3,1,0,Consultant
Psychology,3.3,"Design,Leadership,Python,Project Management",3,5,3,Software Engineer
Mathematics,3.33,"Project Management,Leadership,Statistics,Communication",4,2,0,Product Manager
Mathematics,3.54,"Python,Data Analysis,Communication",4,0,2,UX Researcher
Business,3.26,"Design,Data Analysis,Statistics,Leadership,Python",0,5,3,Data Scientist
Psychology,3.89,"Data Analysis,Project Management,Communication,Leadership",3,7,2,Product Manager
Psychology,3.94,"Java,Python,Data Analysis,Leadership,Statistics",1,5,0,Data Scientist
Psychology,2.63,"Python,Data Analysis",4,0,1,ML Engineer
Business,3.04,"Statistics,Design",4,3,2,UX Researcher
Psychology,2.42,"Communication,Java",4,4,3,Software Engineer
Computer Science,3.65,"Leadership,Java,Design",3,7,3,Consultant
Psychology,3.43,"Java,Statistics",4,6,2,Software Engineer
Mathematics,2.62,"Statistics,Java,Design",1,7,0,Software Engineer
Biology,2.96,"Communication,Design,Leadership,Statistics,Data Analysis",2,5,1,Product Manager
Computer Science,2.05,"Communication,Leadership,Data Analysis,Project Management",3,6,3,Product Manager
Business,3.95,"Project Management,Data Analysis,Design,Statistics,Leadership",2,8,0,UX Researcher
Mathematics,2.15,"Statistics,Data Analysis,Communication,Project Management,Python",4,8,1,ML Engineer
Engineering,3.21,"Project Management,Design",3,4,0,UX Researcher
Business,2.29,"Java,Leadership,Project Management",3,2,2,Software Engineer
Psychology,2.82,"Python,Communication",4,4,2,Software Engineer
Computer Science,2.32,"Data Analysis,Project Management,Java,Communication",0,3,0,Software Engineer
Psychology,3.6,"Communication,Leadership,Java,Data Analysis,Python",2,9,2,Data Scientist
Psychology,2.35,"Java,Communication,Project Management,Python",3,6,0,Software Engineer
Business,3.23,"Leadership,Python,Communication,Statistics,Project Management",2,0,0,Software Engineer
Engineering,2.9,"Java,Project Management,Python,Leadership,Design",4,6,3,Software Engineer
Computer Science,3.62,"Data Analysis,Communication,Leadership,Statistics",3,6,2,Product Manager
Computer Science,3.24,"Statistics,Data Analysis",1,0,0,Data Scientist
Business,2.25,"Data Analysis,Project Management,Python,Java,Statistics",3,8,3,ML Engineer
Engineering,2.51,"Leadership,Design,Java,Python",2,7,2,Software Engineer
Mathematics,2.95,"Java,Project Management,Design",3,2,2,Software Engineer
Engineering,2.24,"Project Management,Communication",0,6,0,Data Scientist
Biology,2.53,"Design,Project Management",2,3,2,UX Researcher
Psychology,3.7,"Communication,Data Analysis,Java,Project Management,Design",4,8,0,Software Engineer
Engineering,2.12,"Python,Data Analysis,Project Management,Leadership",4,1,1,Data Scientist
Biology,2.78,"Communication,Leadership,Design,Java,Project Management",2,5,1,Software Engineer
Business,3.77,"Statistics,Java,Project Management,Communication,Python",1,6,0,Software Engineer
Business,3.5,"Leadership,Java,Data Analysis",4,9,2,Software Engineer
Engineering,2.18,"Python,Statistics,Java,Project Management",2,4,0,Software Engineer
Mathematics,3.1,"Leadership,Communication,Project Management",1,4,1,Product Manager
Mathematics,3.55,"Statistics,Leadership,Design",0,8,3,UX Researcher
Engineering,2.55,"Statistics,Design,Communication",0,3,3,UX Researcher
Engineering,2.21,"Data Analysis,Statistics,Python,Communication,Project Management",1,1,1,ML Engineer
Biology,2.33,"Statistics,Leadership",4,4,3,Data Scientist
Mathematics,3.81,"Data Analysis,Python",4,5,0,ML Engineer
Computer Science,2.57,"Design,Project Management,Python,Java",3,6,3,Software Engineer
Business,2.39,"Project Management,Java,Data Analysis,Communication,Python",4,9,1,ML Engineer
Business,2.69,"Leadership,Data Analysis,Project Management,Statistics",1,8,1,Data Scientist
Computer Science,2.54,"Communication,Statistics,Leadership,Java,Project Management",0,0,2,Software Engineer
Biology,3.85,"Leadership,Python,Data Analysis,Java",4,1,2,Data Scientist
Business,2.86,"Communication,Java,Design",4,8,1,Software Engineer
Biology,3.96,"Java,Statistics,Design",0,2,1,Software Engineer
Mathematics,2.69,"Project Management,Leadership,Java,Communication",4,8,2,Software Engineer
Mathematics,3.09,"Design,Communication,Java,Data Analysis",4,5,3,Software Engineer
Biology,3.72,"Python,Project Management,Java,Data Analysis",2,6,2,ML Engineer
Psychology,3.65,"Communication,Data Analysis,Project Management,Java",2,1,3,Software Engineer
Biology,2.75,"Communication,Project Management",2,2,0,Product Manager
Business,3.85,"Data Analysis,Design",3,8,3,UX Researcher
Business,3.46,"Statistics,Java,Data Analysis",4,1,2,Software Engineer
Engineering,3.72,"Data Analysis,Project Management,Design",0,5,0,UX Researcher
Business,2.11,"Statistics,Python",1,0,3,Software Engineer
Mathematics,3.85,"Java,Statistics",1,7,1,Software Engineer
Psychology,3.38,"Communication,Python,Statistics,Java",3,8,0,Software Engineer
Engineering,3.88,"Data Analysis,Communication,Design,Java,Python",1,5,3,Data Scientist
Biology,2.1,"Statistics,Data Analysis,Python,Project Management",3,4,0,Data Scientist
Engineering,2.93,"Leadership,Design",3,7,0,Consultant
Business,3.56,"Statistics,Data Analysis,Design,Java",1,3,3,ML Engineer
Engineering,3.42,"Design,Statistics",2,8,3,UX Researcher
Computer Science,2.95,"Statistics,Communication,Python,Data Analysis",4,3,2,Data Scientist
Computer Science,2.14,"Leadership,Project Management,Design",3,1,0,UX Researcher
Biology,2.37,"Data Analysis,Leadership,Project Management,Design,Statistics",0,5,3,UX Researcher
Business,3.39,"Project Management,Data Analysis,Statistics",1,1,3,Data Scientist
Mathematics,3.74,"Communication,Project Management",2,6,3,Data Scientist
Engineering,3.04,"Statistics,Data Analysis,Leadership,Communication",0,8,0,Data Scientist
Business,3.62,"Python,Java,Project Management,Communication,Statistics",0,8,1,Software Engineer
Business,3.76,"Statistics,Communication,Leadership,Data Analysis,Python",4,9,0,Product Manager
Engineering,2.16,"Leadership,Design,Data Analysis",1,2,0,UX Researcher
Psychology,3.5,"Project Management,Statistics,Communication,Java,Data Analysis",0,8,0,Software Engineer
Business,2.44,"Design,Java,Leadership,Data Analysis",4,3,2,Software Engineer
Biology,3.24,"Leadership,Data Analysis,Design",0,3,0,UX Researcher
Computer Science,2.36,"Java,Leadership",1,3,3,Software Engineer
Biology,3.72,"Design,Leadership,Communication",3,7,3,Product Manager
Mathematics,3.45,"Data Analysis,Communication,Java",2,4,2,UX Researcher
Engineering,3.44,"Java,Data Analysis",3,3,0,Software Engineer
Biology,3.68,"Java,Leadership",3,5,3,Software Engineer
Business,2.05,"Communication,Python,Java,Data Analysis",3,8,3,ML Engineer
Psychology,2.95,"Communication,Project Management",0,8,0,Consultant
Computer Science,2.62,"Design,Project Management,Communication,Leadership",3,7,1,UX Researcher
Psychology,2.81,"Project Management,Java,Leadership",4,4,0,Software Engineer
Psychology,2.51,"Project Management,Python",2,3,0,Consultant
Psychology,3.74,"Leadership,Java,Communication",0,2,2,Software Engineer
Biology,3.33,"Java,Communication,Design",4,1,0,Software Engineer
Mathematics,2.01,"Leadership,Design,Project Management,Communication,Java",1,4,3,Software Engineer
Psychology,2.19,"Design,Data Analysis,Leadership,Python,Java",4,9,0,Data Scientist
Computer Science,2.52,"Design,Leadership,Statistics,Java,Data Analysis",2,6,2,Software Engineer
Business,2.81,"Project Management,Communication,Java,Statistics,Leadership",2,7,0,ML Engineer
Psychology,3.34,"Python,Java,Data Analysis",0,2,2,ML Engineer
Mathematics,2.04,"Project Management,Statistics,Data Analysis,Leadership,Python",1,4,3,Data Scientist
Engineering,3.19,"Java,Statistics",4,3,0,Software Engineer
Psychology,3.48,"Java,Python,Leadership,Design",3,8,2,Software Engineer
Mathematics,2.36,"Statistics,Project Management,Design,Data Analysis",1,1,3,UX Researcher
Computer Science,3.69,"Python,Communication,Project Management,Design,Data Analysis",1,8,3,Data Scientist
Mathematics,3.15,"Communication,Java,Project Management,Design",1,0,0,Software Engineer
Mathematics,3.69,"Statistics,Java,Communication,Data Analysis",1,6,2,UX Researcher
Engineering,2.34,"Java,Design,Communication,Python,Statistics",4,4,2,Software Engineer
Business,3.54,"Statistics,Data Analysis,Java,Project Management",0,7,0,Consultant
Computer Science,3.82,"Statistics,Data Analysis,Communication",4,0,1,Data Scientist
Psychology,3.92,"Python,Design,Communication",0,8,1,Software Engineer
Computer Science,3.4,"Python,Statistics",0,4,2,UX Researcher
Engineering,2.38,"Java,Leadership,Data Analysis,Python",3,0,2,Data Scientist
Computer Science,3.89,"Python,Leadership,Java",1,5,1,Software Engineer
Biology,2.91,"Design,Statistics,Data Analysis,Communication",4,2,3,UX Researcher
Psychology,3.92,"Project Management,Java",0,4,1,Software Engineer
Business,2.98,"Data Analysis,Leadership,Communication,Java",2,8,2,Software Engineer
Computer Science,2.45,"Design,Statistics,Python,Data Analysis,Leadership",0,5,1,Data Scientist
Computer Science,2.78,"Communication,Python,Project Management,Statistics,Data Analysis",0,9,3,Data Scientist
Computer Science,2.15,"Statistics,Java,Leadership,Design,Project Management",1,8,1,Software Engineer
Mathematics,3.17,"Data Analysis,Statistics,Design",4,6,2,Product Manager
Biology,3.84,"Communication,Leadership,Statistics,Data Analysis,Python",3,2,0,Data Scientist
Computer Science,3.91,"Project Management,Statistics,Leadership,Design",2,0,2,UX Researcher
Computer Science,2.95,"Data Analysis,Communication,Leadership,Design,Python",3,9,0,Data Scientist
Psychology,2.47,"Communication,Project Management,Design",0,4,0,UX Researcher
Mathematics,3.86,"Project Management,Design,Leadership,Python,Statistics",3,0,1,Software Engineer
Biology,2.93,"Project Management,Java",3,2,3,Software Engineer
Business,2.17,"Python,Communication",1,9,2,Software Engineer
Engineering,3.43,"Project Management,Communication,Leadership,Python,Design",0,1,1,Software Engineer
Business,2.91,"Data Analysis,Java,Communication,Python,Design",4,7,2,Data Scientist
Mathematics,2.97,"Data Analysis,Project Management,Leadership,Communication",4,9,2,Product Manager
Business,2.82,"Communication,Java,Python,Design,Project Management",0,9,3,Software Engineer
Mathematics,3.86,"Statistics,Python",0,9,0,ML Engineer
Business,3.59,"Python,Project Management",0,8,0,Software Engineer
Psychology,3.25,"Design,Java,Project Management",1,9,0,Software Engineer
Engineering,2.9,"Data Analysis,Java",2,6,1,Software Engineer
Computer Science,2.12,"Design,Leadership,Communication,Python,Project Management",0,8,2,Software Engineer
Mathematics,3.73,"Project Management,Python,Design",4,4,2,Software Engineer
Computer Science,3.82,"Communication,Project Management,Statistics,Data Analysis,Design",1,8,1,ML Engineer
Psychology,2.97,"Java,Statistics,Communication",4,8,0,Software Engineer
Mathematics,3.04,"Design,Java,Communication",4,9,0,Software Engineer
Computer Science,3.5,"Design,Project Management",1,8,0,UX Researcher
Computer Science,3.03,"Communication,Statistics,Java,Data Analysis,Python",0,9,1,ML Engineer
Biology,2.98,"Python,Statistics,Data Analysis,Design,Communication",0,8,2,Data Scientist
Psychology,3.4,"Communication,Statistics,Design,Project Management,Data Analysis",3,3,1,UX Researcher
Engineering,2.07,"Java,Data Analysis,Communication,Design,Statistics",0,6,2,Software Engineer
Business,2.87,"Communication,Python,Project Management",0,2,1,Software Engineer
Psychology,3.13,"Statistics,Python",0,4,0,ML Engineer
Biology,2.54,"Design,Leadership,Statistics,Java,Data Analysis",4,4,1,Software Engineer
Psychology,2.52,"Statistics,Project Management,Leadership",4,8,0,Data Scientist
Computer Science,3.82,"Communication,Leadership",1,0,0,Product Manager
Engineering,2.37,"Communication,Java,Leadership,Statistics",0,8,1,ML Engineer
Business,3.74,"Java,Statistics,Design,Python,Project Management",2,3,3,Software Engineer
Engineering,3.94,"Project Management,Communication,Python,Data Analysis",3,0,1,Data Scientist
Biology,2.98,"Project Management,Java,Communication,Leadership",1,2,0,Software Engineer
Biology,2.57,"Communication,Java",4,2,0,Software Engineer
Psychology,3.93,"Data Analysis,Project Management,Communication,Design",3,1,2,UX Researcher
Mathematics,3.67,"Python,Project Management,Java,Design",0,7,0,Software Engineer
Mathematics,2.1,"Python,Leadership,Communication",1,8,1,Software Engineer
Computer Science,2.4,"Leadership,Data Analysis,Design",0,0,0,Consultant
Computer Science,3.39,"Python,Leadership,Design,Project Management,Communication",1,5,2,Software Engineer
Psychology,3.4,"Java,Leadership,Data Analysis,Design",2,3,1,Software Engineer
Business,3.54,"Statistics,Communication,Project Management,Python",1,8,2,Software Engineer
Computer Science,2.97,"Project Management,Java,Communication",4,5,3,Software Engineer
Business,3.99,"Leadership,Python,Java",4,1,3,Software Engineer
Mathematics,3.74,"Project Management,Python",0,4,2,UX Researcher
Computer Science,2.37,"Leadership,Data Analysis,Communication,Python",2,7,1,ML Engineer
Psychology,3.54,"Design,Statistics,Project Management",2,0,1,UX Researcher
Mathematics,3.12,"Leadership,Python,Communication,Project Management,Statistics",3,7,3,Software Engineer
Mathematics,2.85,"Java,Communication,Leadership",0,8,3,Software Engineer
Psychology,2.78,"Data Analysis,Communication,Leadership,Design",2,9,2,Product Manager
Mathematics,3.09,"Statistics,Data Analysis,Python,Java,Communication",0,4,1,ML Engineer
Psychology,3.23,"Java,Python,Statistics,Design,Communication",4,4,3,Software Engineer
Business,3.89,"Communication,Design,Python,Java",0,7,1,Software Engineer
Engineering,2.46,"Project Management,Design,Data Analysis",0,9,3,UX Researcher
Business,2.45,"Statistics,Data Analysis,Design,Project Management,Python",0,3,0,Data Scientist
Psychology,2.52,"Communication,Design,Python,Project Management,Leadership",2,0,1,Software Engineer
Psychology,3.38,"Java,Project Management,Statistics,Communication,Data Analysis",4,8,0,Software Engineer
Engineering,2.35,"Project Management,Design,Java,Leadership,Data Analysis",2,6,0,UX Researcher
Computer Science,3.39,"Java,Communication,Design,Statistics",4,9,0,Software Engineer
Biology,3.91,"Python,Java,Statistics",0,4,1,Software Engineer
Mathematics,2.49,"Python,Statistics,Design,Project Management",1,7,1,Software Engineer
Engineering,2.01,"Communication,Statistics,Project Management,Java,Leadership",3,4,0,Software Engineer
Computer Science,3.56,"Java,Communication,Project Management,Statistics,Design",1,7,3,Software Engineer
Biology,3.37,"Design,Communication,Statistics",4,6,1,Software Engineer
Biology,2.15,"Project Management,Design,Java,Communication,Statistics",3,6,3,Software Engineer
Biology,3.0,"Leadership,Communication,Java,Statistics",3,5,0,Software Engineer
Mathematics,3.16,"Data Analysis,Project Management,Python,Statistics,Design",0,6,3,ML Engineer
Engineering,2.93,"Design,Project Management,Data Analysis,Python",1,7,0,ML Engineer
Business,2.95,"Data Analysis,Project Management",2,6,3,UX Researcher
Psychology,3.97,"Project Management,Design,Data Analysis,Statistics",2,1,0,UX Researcher
Business,3.36,"Leadership,Communication,Statistics,Python,Project Management",2,7,3,Consultant
Mathematics,3.0,"Leadership,Project Management,Statistics,Python,Design",1,3,1,Software Engineer
Biology,2.85,"Data Analysis,Java,Statistics,Leadership,Python",2,1,0,Consultant
Engineering,2.9,"Python,Leadership,Java,Statistics,Design",0,8,2,Software Engineer
Computer Science,3.01,"Java,Python",2,7,0,Software Engineer
Mathematics,2.89,"Project Management,Communication",1,4,0,Software Engineer
Computer Science,3.98,"Communication,Java",0,5,0,Software Engineer
Computer Science,2.38,"Statistics,Java,Design",1,4,2,Product Manager
Biology,2.39,"Python,Data Analysis",1,4,0,ML Engineer
Mathematics,3.12,"Design,Python,Communication,Project Management",3,9,2,Software Engineer
Engineering,3.15,"Statistics,Communication,Design",3,1,0,UX Researcher
Computer Science,3.39,"Data Analysis,Project Management,Communication,Leadership,Java",3,2,0,Consultant
Biology,3.23,"Python,Data Analysis,Design,Communication",4,9,3,Data Scientist
Engineering,3.37,"Project Management,Communication,Python,Data Analysis,Leadership",1,0,0,ML Engineer
Computer Science,3.18,"Data Analysis,Design,Python,Java,Project Management",4,1,3,ML Engineer
Mathematics,2.7,"Python,Data Analysis",3,6,2,Data Scientist
Psychology,3.02,"Statistics,Data Analysis",1,5,3,Product Manager
Business,3.16,"Data Analysis,Design,Python,Project Management",1,8,3,ML Engineer
Mathematics,2.68,"Communication,Java,Data Analysis",3,7,1,Consultant
Engineering,2.61,"Communication,Leadership",1,5,0,Product Manager
Biology,2.46,"Design,Leadership",3,5,0,ML Engineer
Computer Science,2.55,"Design,Leadership,Data Analysis,Python",4,2,1,Data Scientist
Biology,2.82,"Communication,Data Analysis,Design",4,9,3,UX Researcher
Mathematics,2.43,"Statistics,Project Management,Data Analysis",1,5,3,Data Scientist
Engineering,3.47,"Statistics,Data Analysis,Python,Java,Design",2,8,1,Data Scientist
Computer Science,2.32,"Java,Leadership,Project Management",2,5,2,Software Engineer
Engineering,2.73,"Java,Leadership,Data Analysis",4,3,1,Software Engineer
Computer Science,3.54,"Data Analysis,Java,Leadership,Project Management",3,4,2,Software Engineer
Engineering,2.01,"Leadership,Project Management",4,4,2,Product Manager
Biology,3.49,"Communication,Python,Leadership",3,3,2,Software Engineer
Business,3.26,"Python,Java,Communication",3,5,0,Software Engineer
Engineering,3.0,"Java,Statistics,Data Analysis",4,4,3,Software Engineer
Computer Science,2.44,"Data Analysis,Python,Statistics",4,8,2,Data Scientist
Engineering,2.87,"Statistics,Python,Communication",0,6,2,Software Engineer
Engineering,2.19,"Java,Data Analysis",2,6,2,UX Researcher
Computer Science,3.3,"Statistics,Python",0,1,2,Software Engineer
Engineering,2.18,"Java,Python,Design,Data Analysis,Project Management",0,4,3,ML Engineer
Psychology,3.68,"Communication,Python,Project Management,Statistics,Design",3,3,3,ML Engineer
Mathematics,2.44,"Communication,Statistics,Python,Data Analysis",4,8,3,Product Manager
Psychology,3.53,"Project Management,Data Analysis,Statistics,Communication,Leadership",4,2,1,Product Manager
Psychology,3.05,"Project Management,Leadership",1,7,2,ML Engineer
Mathematics,3.99,"Design,Project Management,Python,Communication",4,5,0,Software Engineer
Computer Science,3.33,"Leadership,Statistics,Communication,Project Management",2,7,1,Product Manager
Computer Science,3.85,"Data Analysis,Communication,Leadership",1,0,2,Product Manager
Engineering,2.58,"Communication,Project Management,Leadership,Design",4,2,2,Product Manager
Engineering,2.02,"Communication,Data Analysis,Project Management,Statistics,Leadership",4,2,0,Product Manager
Business,2.38,"Data Analysis,Design,Statistics,Communication",0,1,1,UX Researcher
Engineering,2.74,"Statistics,Python,Data Analysis,Design",0,7,3,ML Engineer
Psychology,2.04,"Project Management,Leadership,Statistics,Java,Python",1,4,0,ML Engineer
Computer Science,3.81,"Project Management,Communication,Data Analysis,Python,Design",4,3,1,ML Engineer
Psychology,2.95,"Leadership,Python,Java,Communication",3,2,3,Software Engineer
Biology,3.6,"Statistics,Leadership",0,0,2,Consultant
Engineering,2.34,"Project Management,Leadership,Python,Data Analysis",1,6,3,Data Scientist
Engineering,3.84,"Python,Project Management,Leadership,Communication",2,1,3,Software Engineer
Psychology,3.34,"Statistics,Leadership,Project Management",0,2,0,Data Scientist
Biology,2.2,"Design,Statistics",3,8,3,UX Researcher
Business,2.29,"Statistics,Java,Design,Data Analysis",2,7,3,Software Engineer
Psychology,3.38,"Statistics,Project Management",1,5,1,Data Scientist
Engineering,2.88,"Java,Leadership,Design,Data Analysis,Python",0,5,2,ML Engineer
Mathematics,2.88,"Python,Java",0,8,3,Software Engineer
Engineering,3.69,"Java,Design,Python,Data Analysis",4,2,2,Data Scientist
Biology,3.68,"Leadership,Statistics,Communication,Design",1,5,1,Product Manager
Psychology,2.65,"Python,Leadership",3,0,1,Software Engineer
Business,3.9,"Data Analysis,Python,Communication,Leadership,Design",3,0,2,Data Scientist
Business,2.9,"Communication,Data Analysis,Statistics",3,2,0,ML Engineer
Engineering,3.32,"Leadership,Project Management",3,6,0,Software Engineer
Engineering,2.83,"Project Management,Python",2,6,0,Software Engineer
Business,2.21,"Leadership,Python",2,7,0,Software Engineer
Computer Science,3.3,"Statistics,Project Management",1,6,2,Data Scientist
Mathematics,2.11,"Design,Leadership,Python,Java,Communication",2,7,1,Software Engineer
Biology,2.27,"Statistics,Java,Leadership,Design",0,0,0,Consultant
Engineering,2.91,"Statistics,Data Analysis,Java,Project Management",4,5,0,Software Engineer
Biology,3.73,"Java,Leadership,Python",3,2,0,Software Engineer
Computer Science,3.28,"Project Management,Statistics,Design",1,0,2,UX Researcher
Psychology,2.11,"Data Analysis,Leadership,Python,Java",1,4,1,Data Scientist
Engineering,3.78,"Java,Design",1,0,0,Software Engineer
Psychology,3.14,"Data Analysis,Project Management,Java,Design",3,5,1,Software Engineer
Mathematics,3.72,"Java,Communication,Leadership,Project Management,Data Analysis",3,6,0,Software Engineer
Business,3.74,"Java,Project Management,Statistics,Leadership,Data Analysis",2,1,1,Software Engineer
Biology,3.69,"Leadership,Design,Project Management,Statistics,Data Analysis",0,0,1,UX Researcher
Business,3.97,"Python,Design",1,4,2,Software Engineer
Engineering,2.59,"Design,Python",2,2,1,Software Engineer
Biology,3.77,"Data Analysis,Statistics",1,5,0,ML Engineer
Biology,3.06,"Python,Statistics,Leadership,Project Management,Communication",0,4,3,Software Engineer
Computer Science,2.37,"Statistics,Java",2,4,2,Software Engineer
Computer Science,2.86,"Java,Communication,Design,Python",2,0,2,Software Engineer
Mathematics,2.89,"Leadership,Java,Project Management",0,1,1,Software Engineer
Psychology,2.1,"Leadership,Communication",1,2,3,Product Manager
Engineering,3.89,"Communication,Java,Project Management,Data Analysis,Design",4,5,3,Software Engineer
Biology,2.32,"Python,Statistics,Design,Communication",2,2,0,Software Engineer
Mathematics,3.59,"Java,Design,Leadership,Data Analysis",3,8,0,Software Engineer
Biology,3.71,"Project Management,Python,Communication,Statistics",2,9,1,Software Engineer
Business,2.47,"Python,Java,Data Analysis,Project Management,Statistics",3,9,3,ML Engineer
Business,2.45,"Statistics,Java",1,3,3,Software Engineer
Mathematics,3.67,"Statistics,Communication,Leadership,Design",0,3,1,Product Manager
Biology,2.29,"Java,Data Analysis,Communication",4,2,2,Software Engineer
Computer Science,3.99,"Project Management,Python,Java",4,3,1,Software Engineer
Engineering,2.51,"Data Analysis,Java,Statistics,Design",4,2,2,UX Researcher
Psychology,2.92,"Project Management,Design",3,0,0,UX Researcher
Engineering,2.56,"Leadership,Java,Communication,Python",0,9,2,Software Engineer
Engineering,2.65,"Python,Communication,Java,Project Management",1,7,2,Software Engineer
Psychology,3.83,"Python,Data Analysis,Communication,Statistics",0,2,2,ML Engineer
Mathematics,3.35,"Leadership,Project Management,Python,Statistics,Java",2,4,3,Software Engineer
Business,3.44,"Java,Communication,Design,Project Management,Data Analysis",4,5,0,Software Engineer
Engineering,2.62,"Communication,Data Analysis",2,9,2,Software Engineer
Psychology,2.85,"Data Analysis,Project Management,Communication,Leadership,Statistics",2,5,3,Product Manager
Business,2.68,"Java,Leadership,Design,Project Management,Communication",0,1,3,Software Engineer
Computer Science,2.77,"Java,Python,Communication,Data Analysis",1,3,2,UX Researcher
Business,3.16,"Java,Python",2,8,2,Consultant
Psychology,3.68,"Leadership,Java,Statistics,Python",4,5,2,Software Engineer
Biology,2.28,"Design,Communication,Data Analysis,Leadership",4,9,2,Product Manager
Engineering,3.35,"Leadership,Design,Communication,Java",3,6,0,Software Engineer
Computer Science,2.18,"Project Management,Java,Statistics,Python",2,7,2,Software Engineer
Biology,2.39,"Java,Project Management,Data Analysis",3,4,1,Software Engineer
Psychology,3.2,"Communication,Leadership,Design,Data Analysis",2,8,2,Product Manager
Psychology,3.31,"Project Management,Java",3,2,3,Software Engineer
Engineering,2.35,"Python,Communication,Java",4,8,1,Software Engineer
Psychology,2.05,"Project Management,Java,Communication",1,1,0,Software Engineer
Business,2.49,"Communication,Design,Statistics",1,4,1,UX Researcher
Psychology,2.51,"Leadership,Java",3,4,2,Software Engineer
Biology,3.57,"Statistics,Design",1,5,0,UX Researcher
Mathematics,3.22,"Data Analysis,Project Management,Communication,Java",3,9,0,Software Engineer
Biology,3.75,"Data Analysis,Statistics",1,7,1,Data Scientist
Business,3.84,"Python,Leadership",3,4,0,Software Engineer
Biology,3.31,"Leadership,Statistics,Data Analysis",3,4,0,Consultant
Biology,2.12,"Communication,Leadership",1,1,3,Product Manager
Business,3.95,"Statistics,Communication",3,3,1,Data Scientist
Mathematics,2.64,"Leadership,Design,Statistics,Data Analysis,Project Management",0,7,1,UX Researcher
Biology,2.81,"Data Analysis,Java,Statistics,Design,Leadership",4,2,0,Software Engineer
Mathematics,2.84,"Design,Leadership,Statistics",0,9,1,ML Engineer
Biology,3.99,"Leadership,Java,Communication",3,1,0,Software Engineer
Biology,2.62,"Design,Python",4,0,2,Software Engineer
Engineering,3.61,"Java,Python",1,7,1,Software Engineer
Psychology,3.89,"Data Analysis,Project Management,Python,Communication,Design",0,2,2,Data Scientist
Computer Science,2.31,"Statistics,Java,Communication",0,0,0,Software Engineer
Mathematics,2.91,"Python,Communication,Project Management,Data Analysis,Leadership",3,0,3,Product Manager
Computer Science,2.48,"Communication,Statistics,Java",2,9,3,Software Engineer
Biology,2.43,"Project Management,Java,Data Analysis",0,2,3,ML Engineer
Engineering,3.64,"Python,Communication",4,7,2,Software Engineer
Business,2.04,"Python,Data Analysis,Project Management,Communication",2,2,3,Data Scientist
Psychology,3.19,"Communication,Data Analysis",1,2,0,Product Manager
Mathematics,3.43,"Leadership,Design,Project Management",4,4,1,UX Researcher
Computer Science,2.46,"Design,Leadership,Data Analysis",4,4,0,ML Engineer
Mathematics,2.08,"Java,Design,Project Management,Leadership,Communication",2,8,0,Software Engineer
Business,3.92,"Python,Leadership,Design,Statistics",2,8,3,Software Engineer
Computer Science,2.36,"Communication,Java,Design,Leadership",1,0,1,Software Engineer
Business,3.92,"Leadership,Statistics,Communication",3,7,2,Product Manager
Engineering,3.96,"Design,Python,Leadership,Statistics,Java",2,7,3,Software Engineer
Psychology,3.75,"Design,Communication",1,5,3,UX Researcher
Mathematics,3.61,"Python,Leadership,Java",0,5,3,Software Engineer
Business,2.8,"Statistics,Data Analysis,Design",2,8,2,UX Researcher
Engineering,2.52,"Python,Statistics,Java,Leadership",0,8,2,Software Engineer
Business,3.77,"Design,Leadership,Python,Statistics,Data Analysis",3,2,3,ML Engineer
Engineering,2.66,"Design,Data Analysis,Java,Project Management",1,6,0,Software Engineer
Engineering,3.43,"Design,Project Management,Java",2,0,3,Software Engineer
Mathematics,2.14,"Statistics,Leadership,Design,Python,Java",0,0,0,Software Engineer
Mathematics,2.82,"Data Analysis,Statistics,Python,Design",4,4,0,ML Engineer
Mathematics,2.23,"Leadership,Project Management,Communication,Python,Statistics",3,1,1,Software Engineer
Psychology,2.73,"Data Analysis,Leadership,Project Management,Python",1,2,1,ML Engineer
Business,2.86,"Project Management,Leadership,Data Analysis,Design",1,6,1,UX Researcher
Business,2.63,"Project Management,Statistics",3,4,3,Data Scientist
Psychology,3.51,"Python,Data Analysis,Java,Communication",3,3,0,ML Engineer
Biology,2.76,"Java,Statistics,Leadership,Python",1,4,3,Data Scientist
Business,3.59,"Project Management,Design",2,5,2,UX Researcher
Engineering,3.16,"Statistics,Data Analysis,Communication,Project Management,Java",4,7,1,Software Engineer
Mathematics,3.84,"Leadership,Design,Communication,Project Management",0,8,2,Product Manager
Computer Science,2.68,"Project Management,Communication,Leadership",4,2,0,Product Manager
Computer Science,2.88,"Leadership,Python,Project Management,Design",2,8,1,Software Engineer
Engineering,2.82,"Communication,Java",2,1,0,Software Engineer
Engineering,3.89,"Design,Data Analysis,Project Management,Leadership",0,6,3,Product Manager
Computer Science,2.43,"Statistics,Leadership,Design,Java",1,5,2,ML Engineer
Psychology,3.66,"Leadership,Statistics,Java,Python,Communication",4,9,0,Software Engineer
Business,2.29,"Communication,Design,Python",2,0,0,Product Manager
Psychology,2.02,"Python,Statistics,Communication",1,8,2,Software Engineer
